Price,MedPrice,Mileage,Make,Model,Trim,Type,Cylinder,Liter,Doors,Cruise,Sound,Leather
17314.10313,0,8221,Buick,Century,Sedan 4D,Sedan,6,3.1,4,1,1,1
17542.03608,0,9135,Buick,Century,Sedan 4D,Sedan,6,3.1,4,1,1,0
16218.84786,0,13196,Buick,Century,Sedan 4D,Sedan,6,3.1,4,1,1,0
16336.91314,0,16342,Buick,Century,Sedan 4D,Sedan,6,3.1,4,1,0,0
16339.17032,0,19832,Buick,Century,Sedan 4D,Sedan,6,3.1,4,1,0,1
15709.05282,0,22236,Buick,Century,Sedan 4D,Sedan,6,3.1,4,1,1,0
15230.00339,0,22576,Buick,Century,Sedan 4D,Sedan,6,3.1,4,1,1,0
15048.04218,0,22964,Buick,Century,Sedan 4D,Sedan,6,3.1,4,1,1,0
14862.09387,0,24021,Buick,Century,Sedan 4D,Sedan,6,3.1,4,1,0,1
15295.01827,0,27325,Buick,Century,Sedan 4D,Sedan,6,3.1,4,1,1,1
21335.85249,1,10237,Buick,Lacrosse,CX Sedan 4D,Sedan,6,3.6,4,1,0,0
20538.08751,1,15066,Buick,Lacrosse,CX Sedan 4D,Sedan,6,3.6,4,1,1,0
20512.09409,1,16633,Buick,Lacrosse,CX Sedan 4D,Sedan,6,3.6,4,1,1,0
19924.15905,1,19800,Buick,Lacrosse,CX Sedan 4D,Sedan,6,3.6,4,1,1,1
19774.24907,1,23359,Buick,Lacrosse,CX Sedan 4D,Sedan,6,3.6,4,1,1,1
19344.16554,1,23765,Buick,Lacrosse,CX Sedan 4D,Sedan,6,3.6,4,1,1,0
19105.13012,1,24008,Buick,Lacrosse,CX Sedan 4D,Sedan,6,3.6,4,1,0,0
18543.42705,1,26034,Buick,Lacrosse,CX Sedan 4D,Sedan,6,3.6,4,1,1,1
17808.199,0,32896,Buick,Lacrosse,CX Sedan 4D,Sedan,6,3.6,4,1,1,0
17968.83828,0,34665,Buick,Lacrosse,CX Sedan 4D,Sedan,6,3.6,4,1,1,1
22358.87768,1,8970,Buick,Lacrosse,CXL Sedan 4D,Sedan,6,3.6,4,1,1,0
23785.92253,1,10577,Buick,Lacrosse,CXL Sedan 4D,Sedan,6,3.6,4,1,1,1
22926.09037,1,14363,Buick,Lacrosse,CXL Sedan 4D,Sedan,6,3.6,4,1,1,1
21895.75878,1,16508,Buick,Lacrosse,CXL Sedan 4D,Sedan,6,3.6,4,1,0,1
21273.06171,1,18908,Buick,Lacrosse,CXL Sedan 4D,Sedan,6,3.6,4,1,0,0
21460.01395,1,19467,Buick,Lacrosse,CXL Sedan 4D,Sedan,6,3.6,4,1,0,1
21183.12359,1,21394,Buick,Lacrosse,CXL Sedan 4D,Sedan,6,3.6,4,1,0,0
20406.0995,1,22596,Buick,Lacrosse,CXL Sedan 4D,Sedan,6,3.6,4,1,0,0
21058.13958,1,24469,Buick,Lacrosse,CXL Sedan 4D,Sedan,6,3.6,4,1,1,1
19556.89932,1,25245,Buick,Lacrosse,CXL Sedan 4D,Sedan,6,3.6,4,1,0,0
23447.68656,1,15755,Buick,Lacrosse,CXS Sedan 4D,Sedan,6,3.8,4,1,1,0
23547.23944,1,16235,Buick,Lacrosse,CXS Sedan 4D,Sedan,6,3.8,4,1,1,0
23016.00801,1,18147,Buick,Lacrosse,CXS Sedan 4D,Sedan,6,3.8,4,1,1,1
22230.0275,1,22102,Buick,Lacrosse,CXS Sedan 4D,Sedan,6,3.8,4,1,0,1
22625.07357,1,23612,Buick,Lacrosse,CXS Sedan 4D,Sedan,6,3.8,4,1,0,1
21799.1721,1,24439,Buick,Lacrosse,CXS Sedan 4D,Sedan,6,3.8,4,1,0,0
21341.25721,1,25212,Buick,Lacrosse,CXS Sedan 4D,Sedan,6,3.8,4,1,1,1
21683.03146,1,26779,Buick,Lacrosse,CXS Sedan 4D,Sedan,6,3.8,4,1,1,0
20986.01602,1,27096,Buick,Lacrosse,CXS Sedan 4D,Sedan,6,3.8,4,1,0,0
20902.10379,1,29649,Buick,Lacrosse,CXS Sedan 4D,Sedan,6,3.8,4,1,1,1
20698.07708,1,2992,Buick,Lesabre,Custom Sedan 4D,Sedan,6,3.8,4,1,0,1
20099.25685,1,10036,Buick,Lesabre,Custom Sedan 4D,Sedan,6,3.8,4,1,1,1
18145.12649,1,18339,Buick,Lesabre,Custom Sedan 4D,Sedan,6,3.8,4,1,1,0
17944.85692,0,19592,Buick,Lesabre,Custom Sedan 4D,Sedan,6,3.8,4,1,0,0
19027.86231,1,21797,Buick,Lesabre,Custom Sedan 4D,Sedan,6,3.8,4,1,0,1
18348.89857,1,23852,Buick,Lesabre,Custom Sedan 4D,Sedan,6,3.8,4,1,1,0
17750.88458,0,25040,Buick,Lesabre,Custom Sedan 4D,Sedan,6,3.8,4,1,1,0
17772.96968,0,25052,Buick,Lesabre,Custom Sedan 4D,Sedan,6,3.8,4,1,1,0
17394.0214,0,25464,Buick,Lesabre,Custom Sedan 4D,Sedan,6,3.8,4,1,1,0
17645.74504,0,27830,Buick,Lesabre,Custom Sedan 4D,Sedan,6,3.8,4,1,1,1
21908.36663,1,17353,Buick,Lesabre,Limited Sedan 4D,Sedan,6,3.8,4,1,0,0
21956.34266,1,17787,Buick,Lesabre,Limited Sedan 4D,Sedan,6,3.8,4,1,1,0
21646.11692,1,19562,Buick,Lesabre,Limited Sedan 4D,Sedan,6,3.8,4,1,1,1
21575.45683,1,20137,Buick,Lesabre,Limited Sedan 4D,Sedan,6,3.8,4,1,1,0
20952.2178,1,20158,Buick,Lesabre,Limited Sedan 4D,Sedan,6,3.8,4,1,1,0
21562.04758,1,23767,Buick,Lesabre,Limited Sedan 4D,Sedan,6,3.8,4,1,0,1
19981.12791,1,24323,Buick,Lesabre,Limited Sedan 4D,Sedan,6,3.8,4,1,1,0
19425.84862,1,27839,Buick,Lesabre,Limited Sedan 4D,Sedan,6,3.8,4,1,1,0
19191.98962,1,29187,Buick,Lesabre,Limited Sedan 4D,Sedan,6,3.8,4,1,1,1
19641.7419,1,31324,Buick,Lesabre,Limited Sedan 4D,Sedan,6,3.8,4,1,1,1
25589.98316,1,2308,Buick,Park Avenue,Sedan 4D,Sedan,6,3.8,4,1,1,0
25098.62906,1,10014,Buick,Park Avenue,Sedan 4D,Sedan,6,3.8,4,1,1,0
23420.70695,1,18910,Buick,Park Avenue,Sedan 4D,Sedan,6,3.8,4,1,0,1
22661.04849,1,20105,Buick,Park Avenue,Sedan 4D,Sedan,6,3.8,4,1,0,0
23493.0823,1,20453,Buick,Park Avenue,Sedan 4D,Sedan,6,3.8,4,1,1,0
22435.20282,1,22287,Buick,Park Avenue,Sedan 4D,Sedan,6,3.8,4,1,1,1
21878.12,1,23237,Buick,Park Avenue,Sedan 4D,Sedan,6,3.8,4,1,1,0
23077.56591,1,23798,Buick,Park Avenue,Sedan 4D,Sedan,6,3.8,4,1,0,1
21698.01475,1,25489,Buick,Park Avenue,Sedan 4D,Sedan,6,3.8,4,1,1,1
21831.82292,1,25564,Buick,Park Avenue,Sedan 4D,Sedan,6,3.8,4,1,1,1
26831.19404,1,4695,Buick,Park Avenue,Special Ed Ultra 4D,Sedan,6,3.8,4,1,1,0
26060.33535,1,9795,Buick,Park Avenue,Special Ed Ultra 4D,Sedan,6,3.8,4,1,1,0
26781.81465,1,12052,Buick,Park Avenue,Special Ed Ultra 4D,Sedan,6,3.8,4,1,1,0
26302.07428,1,13050,Buick,Park Avenue,Special Ed Ultra 4D,Sedan,6,3.8,4,1,1,0
26190.27147,1,17335,Buick,Park Avenue,Special Ed Ultra 4D,Sedan,6,3.8,4,1,0,1
25508.21096,1,17480,Buick,Park Avenue,Special Ed Ultra 4D,Sedan,6,3.8,4,1,1,0
23348.01695,1,24027,Buick,Park Avenue,Special Ed Ultra 4D,Sedan,6,3.8,4,1,0,1
23406.68982,1,25387,Buick,Park Avenue,Special Ed Ultra 4D,Sedan,6,3.8,4,1,0,1
23159.54378,1,25869,Buick,Park Avenue,Special Ed Ultra 4D,Sedan,6,3.8,4,1,0,0
21536.74173,1,37128,Buick,Park Avenue,Special Ed Ultra 4D,Sedan,6,3.8,4,1,1,1
51154.04722,1,2202,Cadillac,CST-V,Sedan 4D,Sedan,8,5.7,4,1,1,1
49248.15897,1,6685,Cadillac,CST-V,Sedan 4D,Sedan,8,5.7,4,1,0,1
46747.67327,1,15343,Cadillac,CST-V,Sedan 4D,Sedan,8,5.7,4,1,1,1
44130.61706,1,21341,Cadillac,CST-V,Sedan 4D,Sedan,8,5.7,4,1,0,1
44084.91421,1,21367,Cadillac,CST-V,Sedan 4D,Sedan,8,5.7,4,1,1,1
43892.46788,1,23371,Cadillac,CST-V,Sedan 4D,Sedan,8,5.7,4,1,0,1
44300.63996,1,23751,Cadillac,CST-V,Sedan 4D,Sedan,8,5.7,4,1,0,1
42677.60112,1,24052,Cadillac,CST-V,Sedan 4D,Sedan,8,5.7,4,1,0,1
43374.05242,1,25199,Cadillac,CST-V,Sedan 4D,Sedan,8,5.7,4,1,1,1
40619.07227,1,30082,Cadillac,CST-V,Sedan 4D,Sedan,8,5.7,4,1,1,1
33417.96501,1,6598,Cadillac,CTS,Sedan 4D,Sedan,6,2.8,4,1,1,1
30957.08075,1,10625,Cadillac,CTS,Sedan 4D,Sedan,6,2.8,4,1,1,1
31431.13037,1,11013,Cadillac,CTS,Sedan 4D,Sedan,6,2.8,4,1,1,1
30781.51563,1,14937,Cadillac,CTS,Sedan 4D,Sedan,6,2.8,4,1,1,1
30646.4377,1,17094,Cadillac,CTS,Sedan 4D,Sedan,6,2.8,4,1,1,1
30792.14903,1,17870,Cadillac,CTS,Sedan 4D,Sedan,6,2.8,4,1,1,1
30392.75016,1,18449,Cadillac,CTS,Sedan 4D,Sedan,6,2.8,4,1,1,1
28817.08185,1,21039,Cadillac,CTS,Sedan 4D,Sedan,6,2.8,4,1,0,1
29275.20871,1,21056,Cadillac,CTS,Sedan 4D,Sedan,6,2.8,4,1,1,1
28040.12853,1,27484,Cadillac,CTS,Sedan 4D,Sedan,6,2.8,4,1,1,1
39801.55135,1,14095,Cadillac,Deville,DHS Sedan 4D,Sedan,8,4.6,4,1,0,1
40335.73731,1,14743,Cadillac,Deville,DHS Sedan 4D,Sedan,8,4.6,4,1,0,1
39307.00917,1,16041,Cadillac,Deville,DHS Sedan 4D,Sedan,8,4.6,4,1,0,1
38600.23956,1,17138,Cadillac,Deville,DHS Sedan 4D,Sedan,8,4.6,4,1,0,1
38445.89717,1,18661,Cadillac,Deville,DHS Sedan 4D,Sedan,8,4.6,4,1,0,1
36077.79612,1,21966,Cadillac,Deville,DHS Sedan 4D,Sedan,8,4.6,4,1,0,1
35866.58271,1,24415,Cadillac,Deville,DHS Sedan 4D,Sedan,8,4.6,4,1,1,1
35338.65369,1,25163,Cadillac,Deville,DHS Sedan 4D,Sedan,8,4.6,4,1,0,1
36154.30355,1,25339,Cadillac,Deville,DHS Sedan 4D,Sedan,8,4.6,4,1,1,1
34685.66298,1,25421,Cadillac,Deville,DHS Sedan 4D,Sedan,8,4.6,4,1,0,1
42820.32902,1,5499,Cadillac,Deville,DTS Sedan 4D,Sedan,8,4.6,4,1,0,1
41378.04809,1,8125,Cadillac,Deville,DTS Sedan 4D,Sedan,8,4.6,4,1,0,1
40856.3909,1,12791,Cadillac,Deville,DTS Sedan 4D,Sedan,8,4.6,4,1,1,1
41419.03726,1,14452,Cadillac,Deville,DTS Sedan 4D,Sedan,8,4.6,4,1,0,1
37510.25357,1,21593,Cadillac,Deville,DTS Sedan 4D,Sedan,8,4.6,4,1,0,1
37215.16938,1,22211,Cadillac,Deville,DTS Sedan 4D,Sedan,8,4.6,4,1,0,1
36332.89469,1,25153,Cadillac,Deville,DTS Sedan 4D,Sedan,8,4.6,4,1,0,1
36245.15823,1,26250,Cadillac,Deville,DTS Sedan 4D,Sedan,8,4.6,4,1,1,1
32954.14134,1,36074,Cadillac,Deville,DTS Sedan 4D,Sedan,8,4.6,4,1,0,1
32537.18675,1,41829,Cadillac,Deville,DTS Sedan 4D,Sedan,8,4.6,4,1,1,1
35715.76856,1,6447,Cadillac,Deville,Sedan 4D,Sedan,8,4.6,4,1,0,1
35651.68002,1,10555,Cadillac,Deville,Sedan 4D,Sedan,8,4.6,4,1,1,1
35129.34077,1,11975,Cadillac,Deville,Sedan 4D,Sedan,8,4.6,4,1,1,1
35165.75937,1,13449,Cadillac,Deville,Sedan 4D,Sedan,8,4.6,4,1,1,1
32501.24519,1,17508,Cadillac,Deville,Sedan 4D,Sedan,8,4.6,4,1,0,1
33220.02845,1,18661,Cadillac,Deville,Sedan 4D,Sedan,8,4.6,4,1,0,1
32509.47829,1,20910,Cadillac,Deville,Sedan 4D,Sedan,8,4.6,4,1,0,1
31132.21349,1,23124,Cadillac,Deville,Sedan 4D,Sedan,8,4.6,4,1,1,1
31181.71516,1,26222,Cadillac,Deville,Sedan 4D,Sedan,8,4.6,4,1,0,1
31059.18103,1,27544,Cadillac,Deville,Sedan 4D,Sedan,8,4.6,4,1,1,1
42741.52367,1,2846,Cadillac,STS-V6,Sedan 4D,Sedan,6,3.6,4,1,0,1
40966.60741,1,7476,Cadillac,STS-V6,Sedan 4D,Sedan,6,3.6,4,1,1,1
38795.3791,1,13973,Cadillac,STS-V6,Sedan 4D,Sedan,6,3.6,4,1,1,1
38297.46254,1,16754,Cadillac,STS-V6,Sedan 4D,Sedan,6,3.6,4,1,0,1
37192.89637,1,19100,Cadillac,STS-V6,Sedan 4D,Sedan,6,3.6,4,1,0,1
36210.123,1,21778,Cadillac,STS-V6,Sedan 4D,Sedan,6,3.6,4,1,0,1
36633.63382,1,22042,Cadillac,STS-V6,Sedan 4D,Sedan,6,3.6,4,1,1,1
35895.49941,1,23056,Cadillac,STS-V6,Sedan 4D,Sedan,6,3.6,4,1,1,1
34974.37804,1,25796,Cadillac,STS-V6,Sedan 4D,Sedan,6,3.6,4,1,1,1
32038.33956,1,35326,Cadillac,STS-V6,Sedan 4D,Sedan,6,3.6,4,1,1,1
48310.32955,1,788,Cadillac,STS-V8,Sedan 4D,Sedan,8,4.6,4,1,0,1
48365.9809,1,2616,Cadillac,STS-V8,Sedan 4D,Sedan,8,4.6,4,1,1,1
45061.95194,1,13829,Cadillac,STS-V8,Sedan 4D,Sedan,8,4.6,4,1,1,1
44205.87589,1,15104,Cadillac,STS-V8,Sedan 4D,Sedan,8,4.6,4,1,0,1
42377.95544,1,18581,Cadillac,STS-V8,Sedan 4D,Sedan,8,4.6,4,1,0,1
41671.58314,1,20575,Cadillac,STS-V8,Sedan 4D,Sedan,8,4.6,4,1,0,1
41516.42986,1,23861,Cadillac,STS-V8,Sedan 4D,Sedan,8,4.6,4,1,1,1
41053.48217,1,25717,Cadillac,STS-V8,Sedan 4D,Sedan,8,4.6,4,1,1,1
38208.50102,1,31303,Cadillac,STS-V8,Sedan 4D,Sedan,8,4.6,4,1,1,1
39072.39205,1,31587,Cadillac,STS-V8,Sedan 4D,Sedan,8,4.6,4,1,0,1
70755.46672,1,583,Cadillac,XLR-V8,Hardtop Conv 2D,Convertible,8,4.6,2,1,1,1
68566.18719,1,6420,Cadillac,XLR-V8,Hardtop Conv 2D,Convertible,8,4.6,2,1,1,1
69133.73172,1,7892,Cadillac,XLR-V8,Hardtop Conv 2D,Convertible,8,4.6,2,1,1,1
66374.30704,1,12021,Cadillac,XLR-V8,Hardtop Conv 2D,Convertible,8,4.6,2,1,1,1
65281.48124,1,15600,Cadillac,XLR-V8,Hardtop Conv 2D,Convertible,8,4.6,2,1,1,1
63913.11725,1,18200,Cadillac,XLR-V8,Hardtop Conv 2D,Convertible,8,4.6,2,1,1,1
60567.54909,1,23193,Cadillac,XLR-V8,Hardtop Conv 2D,Convertible,8,4.6,2,1,1,1
57154.44344,1,29260,Cadillac,XLR-V8,Hardtop Conv 2D,Convertible,8,4.6,2,1,1,1
55639.08765,1,31805,Cadillac,XLR-V8,Hardtop Conv 2D,Convertible,8,4.6,2,1,0,1
52001.99438,1,42691,Cadillac,XLR-V8,Hardtop Conv 2D,Convertible,8,4.6,2,1,1,1
12146.18803,0,10011,Chevrolet,AVEO,LS Hatchback 4D,Hatchback,4,1.6,4,0,0,1
12163.82043,0,12101,Chevrolet,AVEO,LS Hatchback 4D,Hatchback,4,1.6,4,0,0,1
11472.02276,0,19699,Chevrolet,AVEO,LS Hatchback 4D,Hatchback,4,1.6,4,0,0,1
11017.16871,0,20100,Chevrolet,AVEO,LS Hatchback 4D,Hatchback,4,1.6,4,0,1,0
11096.85727,0,20334,Chevrolet,AVEO,LS Hatchback 4D,Hatchback,4,1.6,4,1,0,0
10386.04022,0,22225,Chevrolet,AVEO,LS Hatchback 4D,Hatchback,4,1.6,4,0,0,0
11137.04566,0,22484,Chevrolet,AVEO,LS Hatchback 4D,Hatchback,4,1.6,4,0,1,1
11045.10884,0,24568,Chevrolet,AVEO,LS Hatchback 4D,Hatchback,4,1.6,4,1,0,1
10777.05254,0,27906,Chevrolet,AVEO,LS Hatchback 4D,Hatchback,4,1.6,4,0,0,0
9928.188175,0,29680,Chevrolet,AVEO,LS Hatchback 4D,Hatchback,4,1.6,4,0,0,1
12649.11089,0,3629,Chevrolet,AVEO,LS Sedan 4D,Sedan,4,1.6,4,0,1,0
12314.59122,0,4142,Chevrolet,AVEO,LS Sedan 4D,Sedan,4,1.6,4,0,1,0
11318.00809,0,11156,Chevrolet,AVEO,LS Sedan 4D,Sedan,4,1.6,4,0,1,1
12409.94909,0,11981,Chevrolet,AVEO,LS Sedan 4D,Sedan,4,1.6,4,1,1,1
11555.2674,0,13404,Chevrolet,AVEO,LS Sedan 4D,Sedan,4,1.6,4,1,1,0
11700.11149,0,15253,Chevrolet,AVEO,LS Sedan 4D,Sedan,4,1.6,4,1,0,0
11215.01865,0,19945,Chevrolet,AVEO,LS Sedan 4D,Sedan,4,1.6,4,0,0,0
10144.95208,0,23963,Chevrolet,AVEO,LS Sedan 4D,Sedan,4,1.6,4,1,1,0
10491.0752,0,30948,Chevrolet,AVEO,LS Sedan 4D,Sedan,4,1.6,4,0,1,0
9954.054174,0,37345,Chevrolet,AVEO,LS Sedan 4D,Sedan,4,1.6,4,0,1,1
11031.12993,0,20156,Chevrolet,AVEO,LT Hatchback 4D,Hatchback,4,1.6,4,0,1,1
11343.05401,0,20186,Chevrolet,AVEO,LT Hatchback 4D,Hatchback,4,1.6,4,1,1,1
11391.21372,0,21421,Chevrolet,AVEO,LT Hatchback 4D,Hatchback,4,1.6,4,0,1,1
11247.86254,0,21427,Chevrolet,AVEO,LT Hatchback 4D,Hatchback,4,1.6,4,1,1,1
10921.94537,0,23119,Chevrolet,AVEO,LT Hatchback 4D,Hatchback,4,1.6,4,0,1,1
11179.95357,0,23121,Chevrolet,AVEO,LT Hatchback 4D,Hatchback,4,1.6,4,0,1,1
11394.8864,0,25107,Chevrolet,AVEO,LT Hatchback 4D,Hatchback,4,1.6,4,0,1,1
11070.06064,0,25476,Chevrolet,AVEO,LT Hatchback 4D,Hatchback,4,1.6,4,0,1,1
11013.87137,0,25746,Chevrolet,AVEO,LT Hatchback 4D,Hatchback,4,1.6,4,1,1,1
11115.01364,0,30056,Chevrolet,AVEO,LT Hatchback 4D,Hatchback,4,1.6,4,1,1,1
11918.45607,0,7278,Chevrolet,AVEO,LT Sedan 4D,Sedan,4,1.6,4,0,0,0
12408.80615,0,10213,Chevrolet,AVEO,LT Sedan 4D,Sedan,4,1.6,4,0,0,1
11302.90299,0,14627,Chevrolet,AVEO,LT Sedan 4D,Sedan,4,1.6,4,0,1,0
11615.02102,0,19014,Chevrolet,AVEO,LT Sedan 4D,Sedan,4,1.6,4,0,1,1
10805.13009,0,21013,Chevrolet,AVEO,LT Sedan 4D,Sedan,4,1.6,4,1,1,1
11169.91839,0,22380,Chevrolet,AVEO,LT Sedan 4D,Sedan,4,1.6,4,0,1,0
10770.10655,0,25065,Chevrolet,AVEO,LT Sedan 4D,Sedan,4,1.6,4,0,1,0
10872.01393,0,25869,Chevrolet,AVEO,LT Sedan 4D,Sedan,4,1.6,4,0,0,0
10921.94537,0,27776,Chevrolet,AVEO,LT Sedan 4D,Sedan,4,1.6,4,1,0,0
9919.048185,0,34621,Chevrolet,AVEO,LT Sedan 4D,Sedan,4,1.6,4,0,1,0
10813.34352,0,266,Chevrolet,AVEO,SVM Hatchback 4D,Hatchback,4,1.6,4,1,0,1
11167.861,0,4716,Chevrolet,AVEO,SVM Hatchback 4D,Hatchback,4,1.6,4,1,1,0
10897.07651,0,6699,Chevrolet,AVEO,SVM Hatchback 4D,Hatchback,4,1.6,4,0,1,1
10106.01643,0,14200,Chevrolet,AVEO,SVM Hatchback 4D,Hatchback,4,1.6,4,1,0,0
10354.04385,0,14521,Chevrolet,AVEO,SVM Hatchback 4D,Hatchback,4,1.6,4,0,1,0
10287.97736,0,16521,Chevrolet,AVEO,SVM Hatchback 4D,Hatchback,4,1.6,4,1,1,1
9720.97889,0,20836,Chevrolet,AVEO,SVM Hatchback 4D,Hatchback,4,1.6,4,1,1,0
9506.047937,0,22169,Chevrolet,AVEO,SVM Hatchback 4D,Hatchback,4,1.6,4,0,0,1
9789.037676,0,22986,Chevrolet,AVEO,SVM Hatchback 4D,Hatchback,4,1.6,4,0,1,1
9220.829677,0,29992,Chevrolet,AVEO,SVM Hatchback 4D,Hatchback,4,1.6,4,1,0,1
10971.09561,0,7091,Chevrolet,AVEO,SVM Sedan 4D,Sedan,4,1.6,4,1,0,0
10315.01823,0,14438,Chevrolet,AVEO,SVM Sedan 4D,Sedan,4,1.6,4,0,0,1
9654.060142,0,19183,Chevrolet,AVEO,SVM Sedan 4D,Sedan,4,1.6,4,0,0,0
9563.789309,0,19273,Chevrolet,AVEO,SVM Sedan 4D,Sedan,4,1.6,4,1,1,0
9665.84886,0,19565,Chevrolet,AVEO,SVM Sedan 4D,Sedan,4,1.6,4,0,1,1
9482.219404,0,24842,Chevrolet,AVEO,SVM Sedan 4D,Sedan,4,1.6,4,1,0,0
8638.930895,0,25216,Chevrolet,AVEO,SVM Sedan 4D,Sedan,4,1.6,4,0,0,0
9041.906254,0,26191,Chevrolet,AVEO,SVM Sedan 4D,Sedan,4,1.6,4,0,0,1
8870.947316,0,32914,Chevrolet,AVEO,SVM Sedan 4D,Sedan,4,1.6,4,1,1,0
8768.998585,0,35299,Chevrolet,AVEO,SVM Sedan 4D,Sedan,4,1.6,4,0,0,0
13007.98418,0,7372,Chevrolet,Cavalier,Coupe 2D,Coupe,4,2.2,2,1,1,1
13041.874,0,13607,Chevrolet,Cavalier,Coupe 2D,Coupe,4,2.2,2,0,1,1
12045.92071,0,19136,Chevrolet,Cavalier,Coupe 2D,Coupe,4,2.2,2,0,1,1
12469.52758,0,19712,Chevrolet,Cavalier,Coupe 2D,Coupe,4,2.2,2,0,1,1
11539.84565,0,22405,Chevrolet,Cavalier,Coupe 2D,Coupe,4,2.2,2,0,1,1
11726.00297,0,23103,Chevrolet,Cavalier,Coupe 2D,Coupe,4,2.2,2,0,1,1
12207.87293,0,23512,Chevrolet,Cavalier,Coupe 2D,Coupe,4,2.2,2,1,1,1
11203.14611,0,27364,Chevrolet,Cavalier,Coupe 2D,Coupe,4,2.2,2,1,1,1
10788.97036,0,31436,Chevrolet,Cavalier,Coupe 2D,Coupe,4,2.2,2,1,1,1
11149.6183,0,34447,Chevrolet,Cavalier,Coupe 2D,Coupe,4,2.2,2,1,1,1
14584.44812,0,1160,Chevrolet,Cavalier,LS Coupe 2D,Coupe,4,2.2,2,1,1,1
13681.698,0,10210,Chevrolet,Cavalier,LS Coupe 2D,Coupe,4,2.2,2,1,1,1
13446.21342,0,17741,Chevrolet,Cavalier,LS Coupe 2D,Coupe,4,2.2,2,0,1,1
12327.64161,0,19347,Chevrolet,Cavalier,LS Coupe 2D,Coupe,4,2.2,2,0,1,1
12274.95758,0,19612,Chevrolet,Cavalier,LS Coupe 2D,Coupe,4,2.2,2,1,1,1
12630.77503,0,22571,Chevrolet,Cavalier,LS Coupe 2D,Coupe,4,2.2,2,1,1,1
12425.38917,0,22771,Chevrolet,Cavalier,LS Coupe 2D,Coupe,4,2.2,2,0,1,1
12319.69625,0,24568,Chevrolet,Cavalier,LS Coupe 2D,Coupe,4,2.2,2,1,1,1
12549.89233,0,25816,Chevrolet,Cavalier,LS Coupe 2D,Coupe,4,2.2,2,0,1,1
12234.88805,0,30297,Chevrolet,Cavalier,LS Coupe 2D,Coupe,4,2.2,2,1,1,1
14894.98259,0,2464,Chevrolet,Cavalier,LS Sedan 4D,Sedan,4,2.2,4,0,1,1
14198.09246,0,11322,Chevrolet,Cavalier,LS Sedan 4D,Sedan,4,2.2,4,1,1,1
14678.10533,0,11488,Chevrolet,Cavalier,LS Sedan 4D,Sedan,4,2.2,4,1,1,1
13167.70232,0,14630,Chevrolet,Cavalier,LS Sedan 4D,Sedan,4,2.2,4,0,1,1
13471.00508,0,18910,Chevrolet,Cavalier,LS Sedan 4D,Sedan,4,2.2,4,1,1,1
12573.89994,0,25048,Chevrolet,Cavalier,LS Sedan 4D,Sedan,4,2.2,4,1,1,1
12383.40281,0,25069,Chevrolet,Cavalier,LS Sedan 4D,Sedan,4,2.2,4,1,1,1
13230.91867,0,25862,Chevrolet,Cavalier,LS Sedan 4D,Sedan,4,2.2,4,0,1,1
11080.51638,0,36855,Chevrolet,Cavalier,LS Sedan 4D,Sedan,4,2.2,4,0,1,1
11328.95887,0,39946,Chevrolet,Cavalier,LS Sedan 4D,Sedan,4,2.2,4,1,1,1
15053.93374,0,4652,Chevrolet,Cavalier,LS Sport Coupe 2D,Coupe,4,2.2,2,1,1,1
14397.92809,0,5189,Chevrolet,Cavalier,LS Sport Coupe 2D,Coupe,4,2.2,2,0,1,1
14642.32358,0,6224,Chevrolet,Cavalier,LS Sport Coupe 2D,Coupe,4,2.2,2,0,1,1
13464.80288,0,14231,Chevrolet,Cavalier,LS Sport Coupe 2D,Coupe,4,2.2,2,1,1,1
13678.863,0,17971,Chevrolet,Cavalier,LS Sport Coupe 2D,Coupe,4,2.2,2,1,1,1
12507.48527,0,19715,Chevrolet,Cavalier,LS Sport Coupe 2D,Coupe,4,2.2,2,1,1,1
13141.04795,0,19898,Chevrolet,Cavalier,LS Sport Coupe 2D,Coupe,4,2.2,2,1,1,1
13594.08559,0,20682,Chevrolet,Cavalier,LS Sport Coupe 2D,Coupe,4,2.2,2,1,1,1
12733.85792,0,21386,Chevrolet,Cavalier,LS Sport Coupe 2D,Coupe,4,2.2,2,1,1,1
12230.09977,0,28408,Chevrolet,Cavalier,LS Sport Coupe 2D,Coupe,4,2.2,2,0,1,1
14222.3054,0,8427,Chevrolet,Cavalier,LS Sport Sedan 4D,Sedan,4,2.2,4,0,1,1
14266.91258,0,8615,Chevrolet,Cavalier,LS Sport Sedan 4D,Sedan,4,2.2,4,0,1,1
14255.74768,0,16958,Chevrolet,Cavalier,LS Sport Sedan 4D,Sedan,4,2.2,4,0,1,1
13762.90145,0,18040,Chevrolet,Cavalier,LS Sport Sedan 4D,Sedan,4,2.2,4,1,1,1
14275.12764,0,18533,Chevrolet,Cavalier,LS Sport Sedan 4D,Sedan,4,2.2,4,1,1,1
13688.00011,0,18766,Chevrolet,Cavalier,LS Sport Sedan 4D,Sedan,4,2.2,4,1,1,1
13308.83375,0,20043,Chevrolet,Cavalier,LS Sport Sedan 4D,Sedan,4,2.2,4,0,1,1
14145.88099,0,20512,Chevrolet,Cavalier,LS Sport Sedan 4D,Sedan,4,2.2,4,1,1,1
12944.93875,0,21684,Chevrolet,Cavalier,LS Sport Sedan 4D,Sedan,4,2.2,4,0,1,1
12846.06159,0,27560,Chevrolet,Cavalier,LS Sport Sedan 4D,Sedan,4,2.2,4,1,1,1
14061.12277,0,4922,Chevrolet,Cavalier,Sedan 4D,Sedan,4,2.2,4,0,1,1
13072.84163,0,14311,Chevrolet,Cavalier,Sedan 4D,Sedan,4,2.2,4,0,1,1
11699.03392,0,19816,Chevrolet,Cavalier,Sedan 4D,Sedan,4,2.2,4,1,1,1
12257.16409,0,21492,Chevrolet,Cavalier,Sedan 4D,Sedan,4,2.2,4,1,1,1
11574.17381,0,21525,Chevrolet,Cavalier,Sedan 4D,Sedan,4,2.2,4,0,1,1
11539.04853,0,24163,Chevrolet,Cavalier,Sedan 4D,Sedan,4,2.2,4,0,1,1
12243.06062,0,25014,Chevrolet,Cavalier,Sedan 4D,Sedan,4,2.2,4,1,1,1
11671.85813,0,25727,Chevrolet,Cavalier,Sedan 4D,Sedan,4,2.2,4,1,1,1
11464.62886,0,29410,Chevrolet,Cavalier,Sedan 4D,Sedan,4,2.2,4,1,1,1
10546.78275,0,38866,Chevrolet,Cavalier,Sedan 4D,Sedan,4,2.2,4,1,1,1
15553.20871,0,7695,Chevrolet,Classic,Sedan 4D,Sedan,4,2.2,4,0,1,1
15047.00274,0,12305,Chevrolet,Classic,Sedan 4D,Sedan,4,2.2,4,1,1,1
13540.04164,0,17343,Chevrolet,Classic,Sedan 4D,Sedan,4,2.2,4,0,1,1
14077.96885,0,17445,Chevrolet,Classic,Sedan 4D,Sedan,4,2.2,4,0,1,1
12981.95203,0,20309,Chevrolet,Classic,Sedan 4D,Sedan,4,2.2,4,1,1,1
13436.00015,0,20530,Chevrolet,Classic,Sedan 4D,Sedan,4,2.2,4,0,1,1
13161.94283,0,21145,Chevrolet,Classic,Sedan 4D,Sedan,4,2.2,4,1,1,1
14220.01322,0,23069,Chevrolet,Classic,Sedan 4D,Sedan,4,2.2,4,1,1,1
12379.12647,0,31199,Chevrolet,Classic,Sedan 4D,Sedan,4,2.2,4,1,1,1
11581.90504,0,36566,Chevrolet,Classic,Sedan 4D,Sedan,4,2.2,4,0,1,1
14023.93855,0,13776,Chevrolet,Cobalt,Coupe 2D,Coupe,4,2.2,2,0,1,1
12810.91059,0,19461,Chevrolet,Cobalt,Coupe 2D,Coupe,4,2.2,2,1,1,1
13135.90503,0,21796,Chevrolet,Cobalt,Coupe 2D,Coupe,4,2.2,2,1,1,1
13106.90042,0,21910,Chevrolet,Cobalt,Coupe 2D,Coupe,4,2.2,2,0,1,1
12845.17425,0,22382,Chevrolet,Cobalt,Coupe 2D,Coupe,4,2.2,2,1,1,1
12570.13668,0,22479,Chevrolet,Cobalt,Coupe 2D,Coupe,4,2.2,2,0,1,1
12897.92954,0,23200,Chevrolet,Cobalt,Coupe 2D,Coupe,4,2.2,2,1,1,1
11961.61996,0,27394,Chevrolet,Cobalt,Coupe 2D,Coupe,4,2.2,2,1,1,1
12706.91135,0,27521,Chevrolet,Cobalt,Coupe 2D,Coupe,4,2.2,2,1,1,1
12487.05429,0,28492,Chevrolet,Cobalt,Coupe 2D,Coupe,4,2.2,2,0,1,1
15635.79616,0,1169,Chevrolet,Cobalt,LS Coupe 2D,Coupe,4,2.2,2,0,1,1
15747.80397,0,6048,Chevrolet,Cobalt,LS Coupe 2D,Coupe,4,2.2,2,0,1,1
14619.07856,0,15768,Chevrolet,Cobalt,LS Coupe 2D,Coupe,4,2.2,2,1,1,1
14185.02155,0,20374,Chevrolet,Cobalt,LS Coupe 2D,Coupe,4,2.2,2,0,1,1
13699.03578,0,25845,Chevrolet,Cobalt,LS Coupe 2D,Coupe,4,2.2,2,1,1,1
13310.0596,0,26143,Chevrolet,Cobalt,LS Coupe 2D,Coupe,4,2.2,2,1,1,1
13530.06865,0,27249,Chevrolet,Cobalt,LS Coupe 2D,Coupe,4,2.2,2,1,1,1
13019.07114,0,27942,Chevrolet,Cobalt,LS Coupe 2D,Coupe,4,2.2,2,1,1,1
12684.98623,0,29891,Chevrolet,Cobalt,LS Coupe 2D,Coupe,4,2.2,2,1,1,1
12553.07143,0,32844,Chevrolet,Cobalt,LS Coupe 2D,Coupe,4,2.2,2,1,1,1
14997.88434,0,8880,Chevrolet,Cobalt,LS Sedan 4D,Sedan,4,2.2,4,0,1,1
14847.04415,0,12980,Chevrolet,Cobalt,LS Sedan 4D,Sedan,4,2.2,4,0,1,1
15128.99224,0,13828,Chevrolet,Cobalt,LS Sedan 4D,Sedan,4,2.2,4,1,1,1
15000.99271,0,14504,Chevrolet,Cobalt,LS Sedan 4D,Sedan,4,2.2,4,0,1,1
14593.8541,0,18790,Chevrolet,Cobalt,LS Sedan 4D,Sedan,4,2.2,4,0,1,1
14304.74104,0,21128,Chevrolet,Cobalt,LS Sedan 4D,Sedan,4,2.2,4,0,1,1
13688.94568,0,21611,Chevrolet,Cobalt,LS Sedan 4D,Sedan,4,2.2,4,1,1,1
13744.84985,0,23748,Chevrolet,Cobalt,LS Sedan 4D,Sedan,4,2.2,4,0,1,1
13545.0309,0,27431,Chevrolet,Cobalt,LS Sedan 4D,Sedan,4,2.2,4,0,1,1
12741.19023,0,34815,Chevrolet,Cobalt,LS Sedan 4D,Sedan,4,2.2,4,0,1,1
16116.84392,0,865,Chevrolet,Cobalt,LT Sedan 4D,Sedan,4,2.2,4,1,1,1
16428.57898,0,9882,Chevrolet,Cobalt,LT Sedan 4D,Sedan,4,2.2,4,0,1,1
15084.8154,0,14824,Chevrolet,Cobalt,LT Sedan 4D,Sedan,4,2.2,4,1,1,1
15163.16986,0,17158,Chevrolet,Cobalt,LT Sedan 4D,Sedan,4,2.2,4,1,1,1
14897.04055,0,18210,Chevrolet,Cobalt,LT Sedan 4D,Sedan,4,2.2,4,1,1,1
14508.75009,0,18910,Chevrolet,Cobalt,LT Sedan 4D,Sedan,4,2.2,4,0,1,1
14418.16529,0,19818,Chevrolet,Cobalt,LT Sedan 4D,Sedan,4,2.2,4,0,1,1
14191.88228,0,21181,Chevrolet,Cobalt,LT Sedan 4D,Sedan,4,2.2,4,1,1,1
14401.90693,0,21527,Chevrolet,Cobalt,LT Sedan 4D,Sedan,4,2.2,4,0,1,1
14175.87908,0,21627,Chevrolet,Cobalt,LT Sedan 4D,Sedan,4,2.2,4,0,1,1
14429.78964,0,6114,Chevrolet,Cobalt,Sedan 4D,Sedan,4,2.2,4,1,1,1
14696.02899,0,6709,Chevrolet,Cobalt,Sedan 4D,Sedan,4,2.2,4,1,1,1
14582.76912,0,7115,Chevrolet,Cobalt,Sedan 4D,Sedan,4,2.2,4,1,1,1
14194.8236,0,9561,Chevrolet,Cobalt,Sedan 4D,Sedan,4,2.2,4,0,1,1
14072.13523,0,15233,Chevrolet,Cobalt,Sedan 4D,Sedan,4,2.2,4,0,1,1
13994.90646,0,17270,Chevrolet,Cobalt,Sedan 4D,Sedan,4,2.2,4,0,1,1
13830.24903,0,17594,Chevrolet,Cobalt,Sedan 4D,Sedan,4,2.2,4,0,1,1
13159.82154,0,22740,Chevrolet,Cobalt,Sedan 4D,Sedan,4,2.2,4,1,1,1
12495.97075,0,26204,Chevrolet,Cobalt,Sedan 4D,Sedan,4,2.2,4,0,1,1
12678.85398,0,28683,Chevrolet,Cobalt,Sedan 4D,Sedan,4,2.2,4,0,1,1
46732.60603,1,3625,Chevrolet,Corvette,Conv 2D,Convertible,8,6,2,1,1,1
47065.20991,1,5239,Chevrolet,Corvette,Conv 2D,Convertible,8,6,2,1,1,1
44749.68679,1,12115,Chevrolet,Corvette,Conv 2D,Convertible,8,6,2,1,0,1
42773.02839,1,14546,Chevrolet,Corvette,Conv 2D,Convertible,8,6,2,1,1,1
41371.37927,1,20000,Chevrolet,Corvette,Conv 2D,Convertible,8,6,2,1,0,1
39547.5879,1,23826,Chevrolet,Corvette,Conv 2D,Convertible,8,6,2,1,1,1
39691.7274,1,25169,Chevrolet,Corvette,Conv 2D,Convertible,8,6,2,1,1,1
38824.86909,1,25960,Chevrolet,Corvette,Conv 2D,Convertible,8,6,2,1,0,1
36970.89805,1,30502,Chevrolet,Corvette,Conv 2D,Convertible,8,6,2,1,1,1
37288.93674,1,32039,Chevrolet,Corvette,Conv 2D,Convertible,8,6,2,1,1,1
39875.85426,1,7054,Chevrolet,Corvette,Coupe 2D,Coupe,8,6,2,1,0,1
39713.66792,1,8967,Chevrolet,Corvette,Coupe 2D,Coupe,8,6,2,1,1,1
38990.60734,1,9410,Chevrolet,Corvette,Coupe 2D,Coupe,8,6,2,1,1,1
39092.18992,1,10717,Chevrolet,Corvette,Coupe 2D,Coupe,8,6,2,1,1,1
39365.88324,1,11619,Chevrolet,Corvette,Coupe 2D,Coupe,8,6,2,1,1,1
35261.43643,1,21350,Chevrolet,Corvette,Coupe 2D,Coupe,8,6,2,1,1,1
35575.41705,1,22740,Chevrolet,Corvette,Coupe 2D,Coupe,8,6,2,1,0,1
34297.30535,1,24259,Chevrolet,Corvette,Coupe 2D,Coupe,8,6,2,1,0,1
34739.21496,1,25747,Chevrolet,Corvette,Coupe 2D,Coupe,8,6,2,1,0,1
31186.74146,1,34191,Chevrolet,Corvette,Coupe 2D,Coupe,8,6,2,1,0,1
21757.04951,1,1853,Chevrolet,Impala,LS Sedan 4D,Sedan,6,3.8,4,1,0,0
19528.10043,1,14115,Chevrolet,Impala,LS Sedan 4D,Sedan,6,3.8,4,1,1,0
19075.67875,1,18198,Chevrolet,Impala,LS Sedan 4D,Sedan,6,3.8,4,1,0,1
19409.75261,1,18795,Chevrolet,Impala,LS Sedan 4D,Sedan,6,3.8,4,1,1,1
18527.20897,1,19874,Chevrolet,Impala,LS Sedan 4D,Sedan,6,3.8,4,1,1,0
18912.9816,1,21512,Chevrolet,Impala,LS Sedan 4D,Sedan,6,3.8,4,1,1,0
17839.80077,0,25453,Chevrolet,Impala,LS Sedan 4D,Sedan,6,3.8,4,1,0,1
17789.34673,0,26980,Chevrolet,Impala,LS Sedan 4D,Sedan,6,3.8,4,1,1,0
17294.181,0,29368,Chevrolet,Impala,LS Sedan 4D,Sedan,6,3.8,4,1,1,0
18083.3963,1,29420,Chevrolet,Impala,LS Sedan 4D,Sedan,6,3.8,4,1,1,1
20021.19521,1,1787,Chevrolet,Impala,Sedan 4D,Sedan,6,3.8,4,1,0,0
18835.18976,1,8211,Chevrolet,Impala,Sedan 4D,Sedan,6,3.8,4,1,0,1
18727.50838,1,14054,Chevrolet,Impala,Sedan 4D,Sedan,6,3.8,4,1,1,1
16805.05739,0,19498,Chevrolet,Impala,Sedan 4D,Sedan,6,3.8,4,1,0,0
17154.57646,0,21567,Chevrolet,Impala,Sedan 4D,Sedan,6,3.8,4,1,0,1
16644.08787,0,22383,Chevrolet,Impala,Sedan 4D,Sedan,6,3.8,4,1,1,1
15951.81117,0,26070,Chevrolet,Impala,Sedan 4D,Sedan,6,3.8,4,1,1,1
16508.5907,0,27460,Chevrolet,Impala,Sedan 4D,Sedan,6,3.8,4,1,1,1
15832.51835,0,31202,Chevrolet,Impala,Sedan 4D,Sedan,6,3.8,4,1,1,1
15554.28313,0,33357,Chevrolet,Impala,Sedan 4D,Sedan,6,3.8,4,1,1,1
25948.96259,1,636,Chevrolet,Impala,SS Sedan 4D,Sedan,6,3.8,4,1,0,0
27714.05025,1,5379,Chevrolet,Impala,SS Sedan 4D,Sedan,6,3.8,4,1,1,0
25097.47325,1,14461,Chevrolet,Impala,SS Sedan 4D,Sedan,6,3.8,4,1,1,1
24809.04232,1,16111,Chevrolet,Impala,SS Sedan 4D,Sedan,6,3.8,4,1,0,0
23345.32907,1,22964,Chevrolet,Impala,SS Sedan 4D,Sedan,6,3.8,4,1,1,1
22894.43868,1,26272,Chevrolet,Impala,SS Sedan 4D,Sedan,6,3.8,4,1,1,1
22064.29219,1,27384,Chevrolet,Impala,SS Sedan 4D,Sedan,6,3.8,4,1,1,1
23151.54614,1,27940,Chevrolet,Impala,SS Sedan 4D,Sedan,6,3.8,4,1,0,0
22120.75777,1,28242,Chevrolet,Impala,SS Sedan 4D,Sedan,6,3.8,4,1,1,1
20294.57683,1,33892,Chevrolet,Impala,SS Sedan 4D,Sedan,6,3.8,4,1,0,0
18957.89004,1,5936,Chevrolet,Malibu,LS MAXX Hback 4D,Hatchback,6,3.5,4,0,1,1
18950.90699,1,8687,Chevrolet,Malibu,LS MAXX Hback 4D,Hatchback,6,3.5,4,0,1,1
17891.63378,0,17020,Chevrolet,Malibu,LS MAXX Hback 4D,Hatchback,6,3.5,4,0,1,1
17801.22953,0,19386,Chevrolet,Malibu,LS MAXX Hback 4D,Hatchback,6,3.5,4,1,1,1
16723.99388,0,19740,Chevrolet,Malibu,LS MAXX Hback 4D,Hatchback,6,3.5,4,1,1,1
16744.03025,0,21829,Chevrolet,Malibu,LS MAXX Hback 4D,Hatchback,6,3.5,4,0,1,1
16825.19088,0,23460,Chevrolet,Malibu,LS MAXX Hback 4D,Hatchback,6,3.5,4,0,1,1
16543.98014,0,24583,Chevrolet,Malibu,LS MAXX Hback 4D,Hatchback,6,3.5,4,0,1,1
16143.95729,0,26532,Chevrolet,Malibu,LS MAXX Hback 4D,Hatchback,6,3.5,4,1,1,1
14914.20128,0,33906,Chevrolet,Malibu,LS MAXX Hback 4D,Hatchback,6,3.5,4,0,1,1
19164.61063,1,1480,Chevrolet,Malibu,LS Sedan 4D,Sedan,6,3.5,4,1,1,1
18800.9589,1,7961,Chevrolet,Malibu,LS Sedan 4D,Sedan,6,3.5,4,0,1,1
17458.22153,0,15144,Chevrolet,Malibu,LS Sedan 4D,Sedan,6,3.5,4,1,1,1
17158.922,0,21417,Chevrolet,Malibu,LS Sedan 4D,Sedan,6,3.5,4,0,1,1
16472.89765,0,21675,Chevrolet,Malibu,LS Sedan 4D,Sedan,6,3.5,4,1,1,1
16993.78033,0,23621,Chevrolet,Malibu,LS Sedan 4D,Sedan,6,3.5,4,0,1,1
16300.46524,0,25697,Chevrolet,Malibu,LS Sedan 4D,Sedan,6,3.5,4,1,1,1
15623.20027,0,27476,Chevrolet,Malibu,LS Sedan 4D,Sedan,6,3.5,4,0,1,1
15138.40082,0,32462,Chevrolet,Malibu,LS Sedan 4D,Sedan,6,3.5,4,0,1,1
15233.15987,0,32535,Chevrolet,Malibu,LS Sedan 4D,Sedan,6,3.5,4,0,1,1
19471.97485,1,6608,Chevrolet,Malibu,LT MAXX Hback 4D,Hatchback,6,3.5,4,1,1,1
18009.84603,0,15190,Chevrolet,Malibu,LT MAXX Hback 4D,Hatchback,6,3.5,4,0,1,1
18273.00613,1,16335,Chevrolet,Malibu,LT MAXX Hback 4D,Hatchback,6,3.5,4,0,1,1
18311.7563,1,17441,Chevrolet,Malibu,LT MAXX Hback 4D,Hatchback,6,3.5,4,0,1,1
17553.75368,0,18451,Chevrolet,Malibu,LT MAXX Hback 4D,Hatchback,6,3.5,4,0,1,1
18004.87042,0,18771,Chevrolet,Malibu,LT MAXX Hback 4D,Hatchback,6,3.5,4,0,1,1
17663.22495,0,19490,Chevrolet,Malibu,LT MAXX Hback 4D,Hatchback,6,3.5,4,1,1,1
17115.12203,0,24461,Chevrolet,Malibu,LT MAXX Hback 4D,Hatchback,6,3.5,4,0,1,1
16988.30306,0,24905,Chevrolet,Malibu,LT MAXX Hback 4D,Hatchback,6,3.5,4,1,1,1
16803.12275,0,25874,Chevrolet,Malibu,LT MAXX Hback 4D,Hatchback,6,3.5,4,1,1,1
19446.88294,1,932,Chevrolet,Malibu,LT Sedan 4D,Sedan,6,3.5,4,0,1,1
17119.45757,0,18277,Chevrolet,Malibu,LT Sedan 4D,Sedan,6,3.5,4,1,1,1
17316.0966,0,19593,Chevrolet,Malibu,LT Sedan 4D,Sedan,6,3.5,4,1,1,1
16860.87078,0,19883,Chevrolet,Malibu,LT Sedan 4D,Sedan,6,3.5,4,1,1,1
17312.90715,0,21420,Chevrolet,Malibu,LT Sedan 4D,Sedan,6,3.5,4,1,1,1
16403.25363,0,23133,Chevrolet,Malibu,LT Sedan 4D,Sedan,6,3.5,4,1,1,1
16536.74388,0,24218,Chevrolet,Malibu,LT Sedan 4D,Sedan,6,3.5,4,1,1,1
16341.8041,0,25394,Chevrolet,Malibu,LT Sedan 4D,Sedan,6,3.5,4,0,1,1
16713.98469,0,26328,Chevrolet,Malibu,LT Sedan 4D,Sedan,6,3.5,4,1,1,1
16295.21144,0,28239,Chevrolet,Malibu,LT Sedan 4D,Sedan,6,3.5,4,0,1,1
18974.92203,1,5632,Chevrolet,Malibu,MAXX Hback 4D,Hatchback,6,3.5,4,0,1,1
18324.83193,1,7397,Chevrolet,Malibu,MAXX Hback 4D,Hatchback,6,3.5,4,1,1,1
19581.23141,1,7645,Chevrolet,Malibu,MAXX Hback 4D,Hatchback,6,3.5,4,0,1,1
18169.37548,1,14754,Chevrolet,Malibu,MAXX Hback 4D,Hatchback,6,3.5,4,0,1,1
17986.22409,0,17488,Chevrolet,Malibu,MAXX Hback 4D,Hatchback,6,3.5,4,0,1,1
17173.94232,0,18721,Chevrolet,Malibu,MAXX Hback 4D,Hatchback,6,3.5,4,0,1,1
16456.97464,0,20200,Chevrolet,Malibu,MAXX Hback 4D,Hatchback,6,3.5,4,0,1,1
16267.09489,0,21452,Chevrolet,Malibu,MAXX Hback 4D,Hatchback,6,3.5,4,0,1,1
16860.09433,0,22841,Chevrolet,Malibu,MAXX Hback 4D,Hatchback,6,3.5,4,1,1,1
16027.28649,0,22889,Chevrolet,Malibu,MAXX Hback 4D,Hatchback,6,3.5,4,0,1,1
17089.91883,0,8732,Chevrolet,Malibu,Sedan 4D,Sedan,6,3.5,4,0,1,1
17463.04608,0,11393,Chevrolet,Malibu,Sedan 4D,Sedan,6,3.5,4,1,1,1
17218.68575,0,14579,Chevrolet,Malibu,Sedan 4D,Sedan,6,3.5,4,1,1,1
17162.47826,0,15903,Chevrolet,Malibu,Sedan 4D,Sedan,6,3.5,4,0,1,1
16507.07027,0,17451,Chevrolet,Malibu,Sedan 4D,Sedan,6,3.5,4,0,1,1
16752.5144,0,18562,Chevrolet,Malibu,Sedan 4D,Sedan,6,3.5,4,1,1,1
16646.7708,0,20154,Chevrolet,Malibu,Sedan 4D,Sedan,6,3.5,4,0,1,1
15623.91977,0,21272,Chevrolet,Malibu,Sedan 4D,Sedan,6,3.5,4,1,1,1
15664.62491,0,25787,Chevrolet,Malibu,Sedan 4D,Sedan,6,3.5,4,1,1,1
15680.86443,0,25956,Chevrolet,Malibu,Sedan 4D,Sedan,6,3.5,4,0,1,1
18800.0931,1,5827,Chevrolet,Monte Carlo,LS Coupe 2D,Coupe,6,3.8,2,1,0,0
18910.80429,1,8345,Chevrolet,Monte Carlo,LS Coupe 2D,Coupe,6,3.8,2,1,0,1
19177.41206,1,10414,Chevrolet,Monte Carlo,LS Coupe 2D,Coupe,6,3.8,2,1,1,0
18040.14401,1,11647,Chevrolet,Monte Carlo,LS Coupe 2D,Coupe,6,3.8,2,1,0,1
17685.201,0,15898,Chevrolet,Monte Carlo,LS Coupe 2D,Coupe,6,3.8,2,1,0,0
17515.39759,0,18602,Chevrolet,Monte Carlo,LS Coupe 2D,Coupe,6,3.8,2,1,0,0
16357.99232,0,23491,Chevrolet,Monte Carlo,LS Coupe 2D,Coupe,6,3.8,2,1,1,0
16345.94375,0,25931,Chevrolet,Monte Carlo,LS Coupe 2D,Coupe,6,3.8,2,1,1,0
15797.19576,0,26700,Chevrolet,Monte Carlo,LS Coupe 2D,Coupe,6,3.8,2,1,1,0
15503.5088,0,33345,Chevrolet,Monte Carlo,LS Coupe 2D,Coupe,6,3.8,2,1,0,0
21745.02944,1,7065,Chevrolet,Monte Carlo,LT Coupe 2D,Coupe,6,3.8,2,1,1,0
21725.01075,1,13457,Chevrolet,Monte Carlo,LT Coupe 2D,Coupe,6,3.8,2,1,1,0
22384.11869,1,14788,Chevrolet,Monte Carlo,LT Coupe 2D,Coupe,6,3.8,2,1,1,1
20537.14172,1,16950,Chevrolet,Monte Carlo,LT Coupe 2D,Coupe,6,3.8,2,1,0,0
21233.91136,1,17337,Chevrolet,Monte Carlo,LT Coupe 2D,Coupe,6,3.8,2,1,1,1
20676.16551,1,18021,Chevrolet,Monte Carlo,LT Coupe 2D,Coupe,6,3.8,2,1,0,1
20839.14997,1,22152,Chevrolet,Monte Carlo,LT Coupe 2D,Coupe,6,3.8,2,1,1,1
20017.96843,1,22729,Chevrolet,Monte Carlo,LT Coupe 2D,Coupe,6,3.8,2,1,0,0
18876.87065,1,27218,Chevrolet,Monte Carlo,LT Coupe 2D,Coupe,6,3.8,2,1,1,0
17586.92858,0,39049,Chevrolet,Monte Carlo,LT Coupe 2D,Coupe,6,3.8,2,1,0,1
23573.822,1,12466,Chevrolet,Monte Carlo,SS Coupe 2D,Coupe,6,3.8,2,1,1,0
23527.7285,1,14948,Chevrolet,Monte Carlo,SS Coupe 2D,Coupe,6,3.8,2,1,1,0
22113.62802,1,21992,Chevrolet,Monte Carlo,SS Coupe 2D,Coupe,6,3.8,2,1,1,0
22470.35843,1,22626,Chevrolet,Monte Carlo,SS Coupe 2D,Coupe,6,3.8,2,1,1,0
20619.11401,1,24067,Chevrolet,Monte Carlo,SS Coupe 2D,Coupe,6,3.8,2,1,0,0
20047.95136,1,24665,Chevrolet,Monte Carlo,SS Coupe 2D,Coupe,6,3.8,2,1,1,0
21525.33901,1,25020,Chevrolet,Monte Carlo,SS Coupe 2D,Coupe,6,3.8,2,1,1,1
20382.15031,1,25240,Chevrolet,Monte Carlo,SS Coupe 2D,Coupe,6,3.8,2,1,1,1
21020.83678,1,25550,Chevrolet,Monte Carlo,SS Coupe 2D,Coupe,6,3.8,2,1,1,1
20221.80881,1,26223,Chevrolet,Monte Carlo,SS Coupe 2D,Coupe,6,3.8,2,1,1,1
25452.47386,1,11892,Pontiac,Bonneville,GXP Sedan 4D,Sedan,8,4.6,4,1,0,1
23449.30633,1,17273,Pontiac,Bonneville,GXP Sedan 4D,Sedan,8,4.6,4,1,0,1
23578.16486,1,19148,Pontiac,Bonneville,GXP Sedan 4D,Sedan,8,4.6,4,1,0,1
22525.26972,1,19521,Pontiac,Bonneville,GXP Sedan 4D,Sedan,8,4.6,4,1,1,1
21982.64771,1,20472,Pontiac,Bonneville,GXP Sedan 4D,Sedan,8,4.6,4,1,1,1
22231.56315,1,21929,Pontiac,Bonneville,GXP Sedan 4D,Sedan,8,4.6,4,1,1,1
22189.11597,1,25651,Pontiac,Bonneville,GXP Sedan 4D,Sedan,8,4.6,4,1,0,1
21765.06658,1,25794,Pontiac,Bonneville,GXP Sedan 4D,Sedan,8,4.6,4,1,0,1
21403.75642,1,27168,Pontiac,Bonneville,GXP Sedan 4D,Sedan,8,4.6,4,1,0,1
21200.69021,1,31197,Pontiac,Bonneville,GXP Sedan 4D,Sedan,8,4.6,4,1,1,1
19682.03501,1,11554,Pontiac,Bonneville,SE Sedan 4D,Sedan,6,3.8,4,1,0,1
18678.41412,1,16496,Pontiac,Bonneville,SE Sedan 4D,Sedan,6,3.8,4,1,1,0
20318.89097,1,17583,Pontiac,Bonneville,SE Sedan 4D,Sedan,6,3.8,4,1,1,0
20127.04419,1,18419,Pontiac,Bonneville,SE Sedan 4D,Sedan,6,3.8,4,1,1,1
19751.04143,1,20510,Pontiac,Bonneville,SE Sedan 4D,Sedan,6,3.8,4,1,0,1
17844.73077,0,21121,Pontiac,Bonneville,SE Sedan 4D,Sedan,6,3.8,4,1,1,0
18856.01869,1,22423,Pontiac,Bonneville,SE Sedan 4D,Sedan,6,3.8,4,1,1,0
18566.0707,1,24747,Pontiac,Bonneville,SE Sedan 4D,Sedan,6,3.8,4,1,1,1
18063.00491,1,27574,Pontiac,Bonneville,SE Sedan 4D,Sedan,6,3.8,4,1,0,0
17768.05951,0,28385,Pontiac,Bonneville,SE Sedan 4D,Sedan,6,3.8,4,1,1,1
23197.43679,1,2295,Pontiac,Bonneville,SLE Sedan 4D,Sedan,6,3.8,4,1,1,1
23102.02237,1,5653,Pontiac,Bonneville,SLE Sedan 4D,Sedan,6,3.8,4,1,0,0
22460.53,1,8928,Pontiac,Bonneville,SLE Sedan 4D,Sedan,6,3.8,4,1,0,1
21607.77257,1,11069,Pontiac,Bonneville,SLE Sedan 4D,Sedan,6,3.8,4,1,0,1
22004.93044,1,15516,Pontiac,Bonneville,SLE Sedan 4D,Sedan,6,3.8,4,1,1,1
20830.9943,1,19419,Pontiac,Bonneville,SLE Sedan 4D,Sedan,6,3.8,4,1,1,0
20109.90412,1,22891,Pontiac,Bonneville,SLE Sedan 4D,Sedan,6,3.8,4,1,1,1
19116.13109,1,26252,Pontiac,Bonneville,SLE Sedan 4D,Sedan,6,3.8,4,1,0,1
19689.74084,1,27077,Pontiac,Bonneville,SLE Sedan 4D,Sedan,6,3.8,4,1,1,0
19338.376,1,27966,Pontiac,Bonneville,SLE Sedan 4D,Sedan,6,3.8,4,1,0,1
21903.32262,1,4537,Pontiac,G6,GT Sedan 4D,Sedan,6,3.5,4,1,1,0
22736.83447,1,5690,Pontiac,G6,GT Sedan 4D,Sedan,6,3.5,4,1,1,1
22104.97357,1,9049,Pontiac,G6,GT Sedan 4D,Sedan,6,3.5,4,1,1,1
22311.04951,1,11221,Pontiac,G6,GT Sedan 4D,Sedan,6,3.5,4,1,1,1
21875.09763,1,12313,Pontiac,G6,GT Sedan 4D,Sedan,6,3.5,4,1,0,1
20627.66169,1,20770,Pontiac,G6,GT Sedan 4D,Sedan,6,3.5,4,1,1,1
19540.24479,1,22628,Pontiac,G6,GT Sedan 4D,Sedan,6,3.5,4,1,1,0
19204.80934,1,26477,Pontiac,G6,GT Sedan 4D,Sedan,6,3.5,4,1,0,1
18158.08313,1,28354,Pontiac,G6,GT Sedan 4D,Sedan,6,3.5,4,1,0,0
18529.34212,1,30063,Pontiac,G6,GT Sedan 4D,Sedan,6,3.5,4,1,0,1
21383.06716,1,7287,Pontiac,G6,Sedan 4D,Sedan,6,3.5,4,1,1,1
20452.66948,1,10338,Pontiac,G6,Sedan 4D,Sedan,6,3.5,4,1,0,0
20677.59382,1,11204,Pontiac,G6,Sedan 4D,Sedan,6,3.5,4,1,1,0
19294.7875,1,19539,Pontiac,G6,Sedan 4D,Sedan,6,3.5,4,1,0,0
18548.97859,1,20870,Pontiac,G6,Sedan 4D,Sedan,6,3.5,4,1,0,0
18042.22107,1,21702,Pontiac,G6,Sedan 4D,Sedan,6,3.5,4,1,0,0
18620.87137,1,25516,Pontiac,G6,Sedan 4D,Sedan,6,3.5,4,1,0,1
17023.93687,0,30404,Pontiac,G6,Sedan 4D,Sedan,6,3.5,4,1,0,0
16216.98071,0,35624,Pontiac,G6,Sedan 4D,Sedan,6,3.5,4,1,1,0
15792.83144,0,41566,Pontiac,G6,Sedan 4D,Sedan,6,3.5,4,1,1,1
17360.81064,0,881,Pontiac,Grand Am,GT Coupe 2D,Coupe,6,3.4,2,0,1,1
17675.83749,0,5131,Pontiac,Grand Am,GT Coupe 2D,Coupe,6,3.4,2,0,1,1
17141.94116,0,6761,Pontiac,Grand Am,GT Coupe 2D,Coupe,6,3.4,2,1,1,1
17202.83406,0,9380,Pontiac,Grand Am,GT Coupe 2D,Coupe,6,3.4,2,0,1,1
16792.67953,0,12071,Pontiac,Grand Am,GT Coupe 2D,Coupe,6,3.4,2,1,1,1
15595.88413,0,18315,Pontiac,Grand Am,GT Coupe 2D,Coupe,6,3.4,2,0,1,1
15253.86857,0,20917,Pontiac,Grand Am,GT Coupe 2D,Coupe,6,3.4,2,1,1,1
15594.80684,0,22414,Pontiac,Grand Am,GT Coupe 2D,Coupe,6,3.4,2,0,1,1
15059.13408,0,22641,Pontiac,Grand Am,GT Coupe 2D,Coupe,6,3.4,2,1,1,1
14703.13687,0,23335,Pontiac,Grand Am,GT Coupe 2D,Coupe,6,3.4,2,0,1,1
15979.01484,0,3946,Pontiac,Grand Am,SE Sedan 4D,Sedan,4,2.2,4,1,1,1
16379.853,0,4188,Pontiac,Grand Am,SE Sedan 4D,Sedan,4,2.2,4,1,1,1
15327.10032,0,4318,Pontiac,Grand Am,SE Sedan 4D,Sedan,4,2.2,4,0,1,1
15846.01271,0,5350,Pontiac,Grand Am,SE Sedan 4D,Sedan,4,2.2,4,0,1,1
15604.14582,0,5788,Pontiac,Grand Am,SE Sedan 4D,Sedan,4,2.2,4,1,1,1
14841.91705,0,12420,Pontiac,Grand Am,SE Sedan 4D,Sedan,4,2.2,4,0,1,1
15077.17584,0,13262,Pontiac,Grand Am,SE Sedan 4D,Sedan,4,2.2,4,0,1,1
13961.11164,0,19602,Pontiac,Grand Am,SE Sedan 4D,Sedan,4,2.2,4,0,1,1
13034.06853,0,23976,Pontiac,Grand Am,SE Sedan 4D,Sedan,4,2.2,4,0,1,1
13162.85205,0,24542,Pontiac,Grand Am,SE Sedan 4D,Sedan,4,2.2,4,0,1,1
18254.92277,1,16554,Pontiac,Grand Prix,GT Sedan 4D,Sedan,6,3.8,4,1,1,1
17095.03522,0,18720,Pontiac,Grand Prix,GT Sedan 4D,Sedan,6,3.8,4,1,0,0
17162.87344,0,20829,Pontiac,Grand Prix,GT Sedan 4D,Sedan,6,3.8,4,1,0,0
16391.17172,0,21304,Pontiac,Grand Prix,GT Sedan 4D,Sedan,6,3.8,4,1,1,0
15788.10478,0,25295,Pontiac,Grand Prix,GT Sedan 4D,Sedan,6,3.8,4,1,1,0
16569.14124,0,25777,Pontiac,Grand Prix,GT Sedan 4D,Sedan,6,3.8,4,1,0,0
16997.69374,0,25830,Pontiac,Grand Prix,GT Sedan 4D,Sedan,6,3.8,4,1,0,1
16283.95899,0,26511,Pontiac,Grand Prix,GT Sedan 4D,Sedan,6,3.8,4,1,0,1
15457.17059,0,29925,Pontiac,Grand Prix,GT Sedan 4D,Sedan,6,3.8,4,1,1,0
14963.04562,0,31471,Pontiac,Grand Prix,GT Sedan 4D,Sedan,6,3.8,4,1,1,0
21230.97799,1,11229,Pontiac,Grand Prix,GTP Sedan 4D,Sedan,6,3.8,4,1,1,0
22100.39317,1,12314,Pontiac,Grand Prix,GTP Sedan 4D,Sedan,6,3.8,4,1,1,0
21300.01945,1,12772,Pontiac,Grand Prix,GTP Sedan 4D,Sedan,6,3.8,4,1,1,0
21281.88049,1,17417,Pontiac,Grand Prix,GTP Sedan 4D,Sedan,6,3.8,4,1,1,1
19646.71748,1,21132,Pontiac,Grand Prix,GTP Sedan 4D,Sedan,6,3.8,4,1,1,1
20173.90633,1,21211,Pontiac,Grand Prix,GTP Sedan 4D,Sedan,6,3.8,4,1,0,1
18701.22262,1,24992,Pontiac,Grand Prix,GTP Sedan 4D,Sedan,6,3.8,4,1,0,0
19423.16502,1,25557,Pontiac,Grand Prix,GTP Sedan 4D,Sedan,6,3.8,4,1,0,1
19956.75841,1,26028,Pontiac,Grand Prix,GTP Sedan 4D,Sedan,6,3.8,4,1,1,0
19448.22633,1,27721,Pontiac,Grand Prix,GTP Sedan 4D,Sedan,6,3.8,4,1,0,1
19822.11539,1,1592,Pontiac,Grand Prix,Sedan 4D,Sedan,6,3.8,4,1,1,0
19567.25929,1,2189,Pontiac,Grand Prix,Sedan 4D,Sedan,6,3.8,4,1,1,1
16853.10785,0,17959,Pontiac,Grand Prix,Sedan 4D,Sedan,6,3.8,4,1,0,0
16516.95555,0,20751,Pontiac,Grand Prix,Sedan 4D,Sedan,6,3.8,4,1,1,1
15979.01484,0,21974,Pontiac,Grand Prix,Sedan 4D,Sedan,6,3.8,4,1,0,0
16256.23617,0,22637,Pontiac,Grand Prix,Sedan 4D,Sedan,6,3.8,4,1,0,0
15724.25217,0,23989,Pontiac,Grand Prix,Sedan 4D,Sedan,6,3.8,4,1,0,0
15967.2454,0,25598,Pontiac,Grand Prix,Sedan 4D,Sedan,6,3.8,4,1,0,0
16041.68559,0,27800,Pontiac,Grand Prix,Sedan 4D,Sedan,6,3.8,4,1,1,0
15756.14613,0,29325,Pontiac,Grand Prix,Sedan 4D,Sedan,6,3.8,4,1,1,0
32422.76138,1,9185,Pontiac,GTO,Coupe 2D,Coupe,8,5.7,2,1,1,1
32219.58929,1,10915,Pontiac,GTO,Coupe 2D,Coupe,8,5.7,2,1,1,1
31024.87212,1,13678,Pontiac,GTO,Coupe 2D,Coupe,8,5.7,2,1,1,1
29595.79429,1,16193,Pontiac,GTO,Coupe 2D,Coupe,8,5.7,2,1,0,1
29664.70269,1,21418,Pontiac,GTO,Coupe 2D,Coupe,8,5.7,2,1,0,1
27425.84391,1,23886,Pontiac,GTO,Coupe 2D,Coupe,8,5.7,2,1,0,1
27370.95811,1,24960,Pontiac,GTO,Coupe 2D,Coupe,8,5.7,2,1,1,1
27548.62961,1,26126,Pontiac,GTO,Coupe 2D,Coupe,8,5.7,2,1,1,1
28502.30611,1,27199,Pontiac,GTO,Coupe 2D,Coupe,8,5.7,2,1,1,1
25527.01303,1,36480,Pontiac,GTO,Coupe 2D,Coupe,8,5.7,2,1,1,1
13160.12456,0,13145,Pontiac,Sunfire,Coupe 2D,Coupe,4,2.2,2,0,1,1
12830.09878,0,17830,Pontiac,Sunfire,Coupe 2D,Coupe,4,2.2,2,1,1,1
12828.03098,0,19081,Pontiac,Sunfire,Coupe 2D,Coupe,4,2.2,2,1,1,1
12878.04683,0,19225,Pontiac,Sunfire,Coupe 2D,Coupe,4,2.2,2,1,1,1
12832.46239,0,20618,Pontiac,Sunfire,Coupe 2D,Coupe,4,2.2,2,1,1,1
12464.07346,0,21891,Pontiac,Sunfire,Coupe 2D,Coupe,4,2.2,2,1,1,1
12465.50852,0,23931,Pontiac,Sunfire,Coupe 2D,Coupe,4,2.2,2,0,1,1
12258.85759,0,24318,Pontiac,Sunfire,Coupe 2D,Coupe,4,2.2,2,1,1,1
11903.09775,0,25285,Pontiac,Sunfire,Coupe 2D,Coupe,4,2.2,2,0,1,1
12209.55962,0,26097,Pontiac,Sunfire,Coupe 2D,Coupe,4,2.2,2,0,1,1
16391.92657,0,18096,Pontiac,Vibe,AWD Sportwagon 4D,Wagon,4,1.8,4,1,1,0
16033.93062,0,18391,Pontiac,Vibe,AWD Sportwagon 4D,Wagon,4,1.8,4,0,1,1
16106.82722,0,19465,Pontiac,Vibe,AWD Sportwagon 4D,Wagon,4,1.8,4,1,0,0
16551.21957,0,19531,Pontiac,Vibe,AWD Sportwagon 4D,Wagon,4,1.8,4,1,1,1
17325.26954,0,19894,Pontiac,Vibe,AWD Sportwagon 4D,Wagon,4,1.8,4,1,0,0
16078.66549,0,22779,Pontiac,Vibe,AWD Sportwagon 4D,Wagon,4,1.8,4,0,0,1
15297.83597,0,23062,Pontiac,Vibe,AWD Sportwagon 4D,Wagon,4,1.8,4,0,0,0
15505.29381,0,24239,Pontiac,Vibe,AWD Sportwagon 4D,Wagon,4,1.8,4,1,0,0
15174.34661,0,27887,Pontiac,Vibe,AWD Sportwagon 4D,Wagon,4,1.8,4,0,0,0
14546.88481,0,33374,Pontiac,Vibe,AWD Sportwagon 4D,Wagon,4,1.8,4,0,1,1
17803.27909,0,12303,Pontiac,Vibe,GT Sportwagon,Wagon,4,1.8,4,1,1,1
16353.09652,0,16078,Pontiac,Vibe,GT Sportwagon,Wagon,4,1.8,4,0,1,0
15977.91108,0,17053,Pontiac,Vibe,GT Sportwagon,Wagon,4,1.8,4,0,0,1
15568.97424,0,18206,Pontiac,Vibe,GT Sportwagon,Wagon,4,1.8,4,0,0,0
15589.78048,0,21307,Pontiac,Vibe,GT Sportwagon,Wagon,4,1.8,4,0,0,0
15730.04627,0,21391,Pontiac,Vibe,GT Sportwagon,Wagon,4,1.8,4,0,1,1
15802.65286,0,21461,Pontiac,Vibe,GT Sportwagon,Wagon,4,1.8,4,0,0,0
15086.89959,0,27438,Pontiac,Vibe,GT Sportwagon,Wagon,4,1.8,4,0,0,1
14396.27056,0,31424,Pontiac,Vibe,GT Sportwagon,Wagon,4,1.8,4,0,0,0
14869.28207,0,31791,Pontiac,Vibe,GT Sportwagon,Wagon,4,1.8,4,1,1,1
16927.77976,0,2973,Pontiac,Vibe,Sportwagon 4D,Wagon,4,1.8,4,0,0,0
17418.06873,0,4463,Pontiac,Vibe,Sportwagon 4D,Wagon,4,1.8,4,1,0,1
16379.0987,0,8754,Pontiac,Vibe,Sportwagon 4D,Wagon,4,1.8,4,0,1,0
16706.67407,0,9150,Pontiac,Vibe,Sportwagon 4D,Wagon,4,1.8,4,0,0,0
17214.32508,0,12610,Pontiac,Vibe,Sportwagon 4D,Wagon,4,1.8,4,1,1,1
15821.94972,0,14304,Pontiac,Vibe,Sportwagon 4D,Wagon,4,1.8,4,0,0,1
14398.92269,0,21688,Pontiac,Vibe,Sportwagon 4D,Wagon,4,1.8,4,0,0,0
15622.1211,0,23217,Pontiac,Vibe,Sportwagon 4D,Wagon,4,1.8,4,1,1,1
14909.05099,0,23323,Pontiac,Vibe,Sportwagon 4D,Wagon,4,1.8,4,0,1,1
14853.19901,0,24270,Pontiac,Vibe,Sportwagon 4D,Wagon,4,1.8,4,0,0,0
35622.1395,1,10340,SAAB,9_3,Linear Conv 2D,Convertible,4,2,2,1,1,0
34819.29712,1,12251,SAAB,9_3,Linear Conv 2D,Convertible,4,2,2,1,0,0
34355.00373,1,17711,SAAB,9_3,Linear Conv 2D,Convertible,4,2,2,1,1,0
32737.08455,1,19112,SAAB,9_3,Linear Conv 2D,Convertible,4,2,2,1,1,1
33540.53611,1,20925,SAAB,9_3,Linear Conv 2D,Convertible,4,2,2,1,0,1
31970.54208,1,21208,SAAB,9_3,Linear Conv 2D,Convertible,4,2,2,1,1,0
33287.4096,1,21661,SAAB,9_3,Linear Conv 2D,Convertible,4,2,2,1,0,1
32075.98487,1,23553,SAAB,9_3,Linear Conv 2D,Convertible,4,2,2,1,1,0
31969.06981,1,24559,SAAB,9_3,Linear Conv 2D,Convertible,4,2,2,1,0,0
27666.23108,1,35157,SAAB,9_3,Linear Conv 2D,Convertible,4,2,2,1,0,0
29246.23734,1,3907,SAAB,9_3,Linear Sedan 4D,Sedan,4,2,4,1,0,1
26337.8306,1,16068,SAAB,9_3,Linear Sedan 4D,Sedan,4,2,4,1,0,0
26775.03209,1,16688,SAAB,9_3,Linear Sedan 4D,Sedan,4,2,4,1,0,0
25299.96964,1,19569,SAAB,9_3,Linear Sedan 4D,Sedan,4,2,4,1,1,0
24896.5976,1,21266,SAAB,9_3,Linear Sedan 4D,Sedan,4,2,4,1,1,0
25996.8064,1,21433,SAAB,9_3,Linear Sedan 4D,Sedan,4,2,4,1,1,1
24801.61719,1,26345,SAAB,9_3,Linear Sedan 4D,Sedan,4,2,4,1,1,1
24063.01269,1,27674,SAAB,9_3,Linear Sedan 4D,Sedan,4,2,4,1,1,1
23249.84169,1,27686,SAAB,9_3,Linear Sedan 4D,Sedan,4,2,4,1,0,0
22244.87655,1,50387,SAAB,9_3,Linear Sedan 4D,Sedan,4,2,4,1,0,1
37088.56241,1,3828,SAAB,9_3 HO,Aero Conv 2D,Convertible,4,2,2,1,1,1
33381.81915,1,17381,SAAB,9_3 HO,Aero Conv 2D,Convertible,4,2,2,1,1,1
33358.76777,1,17590,SAAB,9_3 HO,Aero Conv 2D,Convertible,4,2,2,1,1,1
33586.90609,1,18930,SAAB,9_3 HO,Aero Conv 2D,Convertible,4,2,2,1,0,1
30731.94166,1,22479,SAAB,9_3 HO,Aero Conv 2D,Convertible,4,2,2,1,0,0
30315.16944,1,23635,SAAB,9_3 HO,Aero Conv 2D,Convertible,4,2,2,1,0,0
30166.85251,1,25049,SAAB,9_3 HO,Aero Conv 2D,Convertible,4,2,2,1,0,0
30251.01842,1,27558,SAAB,9_3 HO,Aero Conv 2D,Convertible,4,2,2,1,0,1
29142.71439,1,31655,SAAB,9_3 HO,Aero Conv 2D,Convertible,4,2,2,1,1,1
29612.15405,1,32477,SAAB,9_3 HO,Aero Conv 2D,Convertible,4,2,2,1,1,1
26841.08084,1,10003,SAAB,9_3 HO,Aero Sedan 4D,Sedan,4,2,4,1,1,0
27825.94997,1,10014,SAAB,9_3 HO,Aero Sedan 4D,Sedan,4,2,4,1,0,1
27284.75133,1,14281,SAAB,9_3 HO,Aero Sedan 4D,Sedan,4,2,4,1,1,1
27060.13756,1,17319,SAAB,9_3 HO,Aero Sedan 4D,Sedan,4,2,4,1,0,1
25618.28189,1,20208,SAAB,9_3 HO,Aero Sedan 4D,Sedan,4,2,4,1,0,1
25790.51414,1,21160,SAAB,9_3 HO,Aero Sedan 4D,Sedan,4,2,4,1,1,1
25148.37919,1,22272,SAAB,9_3 HO,Aero Sedan 4D,Sedan,4,2,4,1,1,1
24852.49528,1,22814,SAAB,9_3 HO,Aero Sedan 4D,Sedan,4,2,4,1,1,1
24173.52588,1,27015,SAAB,9_3 HO,Aero Sedan 4D,Sedan,4,2,4,1,0,0
23733.40225,1,27600,SAAB,9_3 HO,Aero Sedan 4D,Sedan,4,2,4,1,1,0
38324.80908,1,12090,SAAB,9_3 HO,Arc Conv 2D,Convertible,4,2,2,1,1,1
38167.17358,1,13162,SAAB,9_3 HO,Arc Conv 2D,Convertible,4,2,2,1,0,1
37383.50349,1,16088,SAAB,9_3 HO,Arc Conv 2D,Convertible,4,2,2,1,0,1
36338.75133,1,18195,SAAB,9_3 HO,Arc Conv 2D,Convertible,4,2,2,1,1,0
35580.33231,1,21167,SAAB,9_3 HO,Arc Conv 2D,Convertible,4,2,2,1,1,0
35304.4947,1,21293,SAAB,9_3 HO,Arc Conv 2D,Convertible,4,2,2,1,0,1
34392.99527,1,24031,SAAB,9_3 HO,Arc Conv 2D,Convertible,4,2,2,1,0,1
33984.43077,1,25420,SAAB,9_3 HO,Arc Conv 2D,Convertible,4,2,2,1,0,0
33248.34252,1,27051,SAAB,9_3 HO,Arc Conv 2D,Convertible,4,2,2,1,0,1
28777.9597,1,48991,SAAB,9_3 HO,Arc Conv 2D,Convertible,4,2,2,1,1,1
32197.34047,1,3867,SAAB,9_3 HO,Arc Sedan 4D,Sedan,4,2,4,1,1,0
32053.09716,1,5144,SAAB,9_3 HO,Arc Sedan 4D,Sedan,4,2,4,1,1,0
30274.71058,1,10800,SAAB,9_3 HO,Arc Sedan 4D,Sedan,4,2,4,1,1,0
30353.58555,1,11273,SAAB,9_3 HO,Arc Sedan 4D,Sedan,4,2,4,1,1,0
30122.42974,1,14568,SAAB,9_3 HO,Arc Sedan 4D,Sedan,4,2,4,1,1,1
26789.83261,1,22189,SAAB,9_3 HO,Arc Sedan 4D,Sedan,4,2,4,1,0,0
28291.76226,1,22328,SAAB,9_3 HO,Arc Sedan 4D,Sedan,4,2,4,1,1,0
27109.40589,1,22598,SAAB,9_3 HO,Arc Sedan 4D,Sedan,4,2,4,1,0,1
27256.49451,1,26400,SAAB,9_3 HO,Arc Sedan 4D,Sedan,4,2,4,1,1,0
25267.36768,1,34175,SAAB,9_3 HO,Arc Sedan 4D,Sedan,4,2,4,1,1,0
35033.21545,1,1676,SAAB,9_5,Arc Sedan 4D,Sedan,4,2.3,4,1,1,1
32746.13139,1,7924,SAAB,9_5,Arc Sedan 4D,Sedan,4,2.3,4,1,0,1
33183.3326,1,9795,SAAB,9_5,Arc Sedan 4D,Sedan,4,2.3,4,1,1,1
31002.73442,1,15087,SAAB,9_5,Arc Sedan 4D,Sedan,4,2.3,4,1,1,1
30075.99473,1,22052,SAAB,9_5,Arc Sedan 4D,Sedan,4,2.3,4,1,1,1
29844.204,1,23143,SAAB,9_5,Arc Sedan 4D,Sedan,4,2.3,4,1,1,1
28432.82421,1,25247,SAAB,9_5,Arc Sedan 4D,Sedan,4,2.3,4,1,1,1
28054.98236,1,26276,SAAB,9_5,Arc Sedan 4D,Sedan,4,2.3,4,1,1,1
28502.96241,1,28598,SAAB,9_5,Arc Sedan 4D,Sedan,4,2.3,4,1,1,1
24912.08058,1,38717,SAAB,9_5,Arc Sedan 4D,Sedan,4,2.3,4,1,0,1
31849.30795,1,16956,SAAB,9_5,Arc Wagon 4D,Wagon,4,2.3,4,1,0,1
32649.76051,1,16975,SAAB,9_5,Arc Wagon 4D,Wagon,4,2.3,4,1,1,1
29961.25494,1,20015,SAAB,9_5,Arc Wagon 4D,Wagon,4,2.3,4,1,1,1
31554.40534,1,20103,SAAB,9_5,Arc Wagon 4D,Wagon,4,2.3,4,1,1,1
29914.37958,1,22105,SAAB,9_5,Arc Wagon 4D,Wagon,4,2.3,4,1,0,1
30575.24882,1,22298,SAAB,9_5,Arc Wagon 4D,Wagon,4,2.3,4,1,1,1
30271.9223,1,23426,SAAB,9_5,Arc Wagon 4D,Wagon,4,2.3,4,1,1,1
28678.07525,1,25380,SAAB,9_5,Arc Wagon 4D,Wagon,4,2.3,4,1,0,1
28829.028,1,26503,SAAB,9_5,Arc Wagon 4D,Wagon,4,2.3,4,1,0,1
26955.0412,1,31773,SAAB,9_5,Arc Wagon 4D,Wagon,4,2.3,4,1,0,1
33005.77996,1,6409,SAAB,9_5,Linear Wagon 4D,Wagon,4,2.3,4,1,1,1
30661.26015,1,14278,SAAB,9_5,Linear Wagon 4D,Wagon,4,2.3,4,1,0,1
30443.8799,1,15050,SAAB,9_5,Linear Wagon 4D,Wagon,4,2.3,4,1,0,1
30322.15057,1,16225,SAAB,9_5,Linear Wagon 4D,Wagon,4,2.3,4,1,1,1
31153.00896,1,17317,SAAB,9_5,Linear Wagon 4D,Wagon,4,2.3,4,1,0,1
31084.93761,1,18187,SAAB,9_5,Linear Wagon 4D,Wagon,4,2.3,4,1,1,1
31156.59579,1,18805,SAAB,9_5,Linear Wagon 4D,Wagon,4,2.3,4,1,1,1
29114.54451,1,21960,SAAB,9_5,Linear Wagon 4D,Wagon,4,2.3,4,1,0,1
25845.20612,1,36557,SAAB,9_5,Linear Wagon 4D,Wagon,4,2.3,4,1,1,1
24903.47774,1,40719,SAAB,9_5,Linear Wagon 4D,Wagon,4,2.3,4,1,1,1
30800.65839,1,8017,SAAB,9_5 HO,Aero Sedan 4D,Sedan,4,2.3,4,1,0,1
28416.46167,1,14613,SAAB,9_5 HO,Aero Sedan 4D,Sedan,4,2.3,4,1,0,1
28185.77625,1,19854,SAAB,9_5 HO,Aero Sedan 4D,Sedan,4,2.3,4,1,1,1
28204.60358,1,22021,SAAB,9_5 HO,Aero Sedan 4D,Sedan,4,2.3,4,1,1,1
26653.23939,1,22590,SAAB,9_5 HO,Aero Sedan 4D,Sedan,4,2.3,4,1,1,1
27610.8642,1,22881,SAAB,9_5 HO,Aero Sedan 4D,Sedan,4,2.3,4,1,1,1
26698.07815,1,23055,SAAB,9_5 HO,Aero Sedan 4D,Sedan,4,2.3,4,1,1,1
27241.43618,1,23204,SAAB,9_5 HO,Aero Sedan 4D,Sedan,4,2.3,4,1,1,1
27703.204,1,24738,SAAB,9_5 HO,Aero Sedan 4D,Sedan,4,2.3,4,1,1,1
24405.06676,1,31344,SAAB,9_5 HO,Aero Sedan 4D,Sedan,4,2.3,4,1,1,1
30959.93213,1,17673,SAAB,9_5 HO,Aero Wagon 4D,Wagon,4,2.3,4,1,1,1
29986.7915,1,18464,SAAB,9_5 HO,Aero Wagon 4D,Wagon,4,2.3,4,1,0,1
29908.18098,1,19830,SAAB,9_5 HO,Aero Wagon 4D,Wagon,4,2.3,4,1,1,1
28328.26654,1,20685,SAAB,9_5 HO,Aero Wagon 4D,Wagon,4,2.3,4,1,0,1
29197.7913,1,20907,SAAB,9_5 HO,Aero Wagon 4D,Wagon,4,2.3,4,1,0,1
29321.08251,1,21545,SAAB,9_5 HO,Aero Wagon 4D,Wagon,4,2.3,4,1,0,1
29481.52876,1,21822,SAAB,9_5 HO,Aero Wagon 4D,Wagon,4,2.3,4,1,1,1
26792.30016,1,25357,SAAB,9_5 HO,Aero Wagon 4D,Wagon,4,2.3,4,1,0,1
27788.81324,1,26786,SAAB,9_5 HO,Aero Wagon 4D,Wagon,4,2.3,4,1,0,1
26012.37463,1,34269,SAAB,9_5 HO,Aero Wagon 4D,Wagon,4,2.3,4,1,1,1
27280.98206,1,4836,SAAB,9-2X AWD,Linear Wagon 4D,Wagon,4,2.5,4,1,1,0
25959.12203,1,17431,SAAB,9-2X AWD,Linear Wagon 4D,Wagon,4,2.5,4,1,0,1
23274.48071,1,21616,SAAB,9-2X AWD,Linear Wagon 4D,Wagon,4,2.5,4,1,1,0
23329.20826,1,25218,SAAB,9-2X AWD,Linear Wagon 4D,Wagon,4,2.5,4,1,0,1
16916.86954,0,2879,Saturn,Ion,Quad Coupe 2D,Coupe,4,2.2,2,1,0,1
15639.03674,0,8507,Saturn,Ion,Quad Coupe 2D,Coupe,4,2.2,2,1,0,0
16256.23617,0,10555,Saturn,Ion,Quad Coupe 2D,Coupe,4,2.2,2,0,0,1
15395.01087,0,12920,Saturn,Ion,Quad Coupe 2D,Coupe,4,2.2,2,1,0,0
14881.95545,0,14376,Saturn,Ion,Quad Coupe 2D,Coupe,4,2.2,2,0,0,0
15277.06759,0,16951,Saturn,Ion,Quad Coupe 2D,Coupe,4,2.2,2,0,1,0
14702.79832,0,17656,Saturn,Ion,Quad Coupe 2D,Coupe,4,2.2,2,1,1,0
15033.15032,0,19455,Saturn,Ion,Quad Coupe 2D,Coupe,4,2.2,2,0,0,1
13991.04006,0,21020,Saturn,Ion,Quad Coupe 2D,Coupe,4,2.2,2,0,1,0
14771.00346,0,22255,Saturn,Ion,Quad Coupe 2D,Coupe,4,2.2,2,1,0,1
13719.23831,0,23645,Saturn,Ion,Quad Coupe 2D,Coupe,4,2.2,2,0,0,0
13869.15494,0,24349,Saturn,Ion,Quad Coupe 2D,Coupe,4,2.2,2,1,1,0
13518.23525,0,25981,Saturn,Ion,Quad Coupe 2D,Coupe,4,2.2,2,1,1,0
13825.15471,0,26034,Saturn,Ion,Quad Coupe 2D,Coupe,4,2.2,2,0,0,1
13811.15502,0,26236,Saturn,Ion,Quad Coupe 2D,Coupe,4,2.2,2,0,1,1
14077.96885,0,26788,Saturn,Ion,Quad Coupe 2D,Coupe,4,2.2,2,0,0,1
14411.85885,0,26986,Saturn,Ion,Quad Coupe 2D,Coupe,4,2.2,2,1,0,1
13600.03419,0,27231,Saturn,Ion,Quad Coupe 2D,Coupe,4,2.2,2,0,1,0
13032.8681,0,30108,Saturn,Ion,Quad Coupe 2D,Coupe,4,2.2,2,1,1,1
11539.04853,0,38958,Saturn,Ion,Quad Coupe 2D,Coupe,4,2.2,2,0,0,0
14739.06724,0,1737,Saturn,Ion,Sedan 4D,Sedan,4,2.2,4,0,0,1
15110.1926,0,2392,Saturn,Ion,Sedan 4D,Sedan,4,2.2,4,1,1,0
14202.99715,0,11836,Saturn,Ion,Sedan 4D,Sedan,4,2.2,4,0,0,0
15194.97535,0,12412,Saturn,Ion,Sedan 4D,Sedan,4,2.2,4,0,0,1
14116.92151,0,12878,Saturn,Ion,Sedan 4D,Sedan,4,2.2,4,1,0,0
13174.07101,0,13318,Saturn,Ion,Sedan 4D,Sedan,4,2.2,4,0,0,1
13258.36589,0,14938,Saturn,Ion,Sedan 4D,Sedan,4,2.2,4,1,1,1
12791.75109,0,16163,Saturn,Ion,Sedan 4D,Sedan,4,2.2,4,0,0,1
12293.05996,0,17139,Saturn,Ion,Sedan 4D,Sedan,4,2.2,4,1,0,1
13998.12928,0,18257,Saturn,Ion,Sedan 4D,Sedan,4,2.2,4,0,1,1
14568.00226,0,18511,Saturn,Ion,Sedan 4D,Sedan,4,2.2,4,0,1,1
13122.90546,0,19101,Saturn,Ion,Sedan 4D,Sedan,4,2.2,4,0,1,1
13494.28878,0,19500,Saturn,Ion,Sedan 4D,Sedan,4,2.2,4,1,0,1
12036.21675,0,19853,Saturn,Ion,Sedan 4D,Sedan,4,2.2,4,0,1,1
12162.14005,0,21770,Saturn,Ion,Sedan 4D,Sedan,4,2.2,4,0,1,0
12333.60399,0,21877,Saturn,Ion,Sedan 4D,Sedan,4,2.2,4,0,0,0
12099.01458,0,22758,Saturn,Ion,Sedan 4D,Sedan,4,2.2,4,1,1,0
12119.0897,0,22826,Saturn,Ion,Sedan 4D,Sedan,4,2.2,4,0,0,1
11679.92355,0,23388,Saturn,Ion,Sedan 4D,Sedan,4,2.2,4,0,0,0
13216.91205,0,24069,Saturn,Ion,Sedan 4D,Sedan,4,2.2,4,0,1,0
12412.52111,0,24664,Saturn,Ion,Sedan 4D,Sedan,4,2.2,4,0,1,1
12284.28829,0,24740,Saturn,Ion,Sedan 4D,Sedan,4,2.2,4,1,1,0
12594.18301,0,26328,Saturn,Ion,Sedan 4D,Sedan,4,2.2,4,0,0,1
12105.98134,0,28298,Saturn,Ion,Sedan 4D,Sedan,4,2.2,4,0,1,0
11873.534,0,28398,Saturn,Ion,Sedan 4D,Sedan,4,2.2,4,0,0,0
12965.22327,0,29707,Saturn,Ion,Sedan 4D,Sedan,4,2.2,4,0,1,1
10563.06616,0,32458,Saturn,Ion,Sedan 4D,Sedan,4,2.2,4,0,0,0
11413.5304,0,32619,Saturn,Ion,Sedan 4D,Sedan,4,2.2,4,1,0,1
11504.82455,0,33962,Saturn,Ion,Sedan 4D,Sedan,4,2.2,4,0,0,0
11521.52589,0,34998,Saturn,Ion,Sedan 4D,Sedan,4,2.2,4,0,1,1
18173.97808,1,5826,Saturn,L Series,L300 Sedan 4D,Sedan,6,3,4,1,1,1
18490.98303,1,7755,Saturn,L Series,L300 Sedan 4D,Sedan,6,3,4,1,1,1
17322.0784,0,10102,Saturn,L Series,L300 Sedan 4D,Sedan,6,3,4,1,0,1
17978.357,0,10986,Saturn,L Series,L300 Sedan 4D,Sedan,6,3,4,1,0,0
16425.1748,0,14242,Saturn,L Series,L300 Sedan 4D,Sedan,6,3,4,1,0,0
16507.07027,0,16229,Saturn,L Series,L300 Sedan 4D,Sedan,6,3,4,1,0,0
16175.9576,0,19095,Saturn,L Series,L300 Sedan 4D,Sedan,6,3,4,1,1,0
15731.1329,0,20484,Saturn,L Series,L300 Sedan 4D,Sedan,6,3,4,1,1,0
15118.89323,0,25979,Saturn,L Series,L300 Sedan 4D,Sedan,6,3,4,1,1,0
13585.6368,0,35662,Saturn,L Series,L300 Sedan 4D,Sedan,6,3,4,1,0,0
