Default,Credit_Score,Age,Gender,Marital_Status,Education_Level,Employment_Status,Annual_Income,Debt_to_Income_Ratio,Loan_Amount_Requested,Num_Credit_Accounts,Credit_Utilization_Ratio,Tenure_with_Bank,Num_Dependents
1,609.9,27,Male,Married,Master,Employed,52304.65,0.159,8778.67,1,0.399,0.68,2
0,671.8,26,Male,Single,Master,Employed,73998.75,0.308,12917.47,4,0.223,0.93,1
0,639.3,27,Female,Married,High School,Employed,37567.32,0.106,8670.14,3,0.098,1.3,3
1,589.3,20,Female,Single,Bachelor,Employed,46085.46,0.333,19391.17,1,0.122,0.5,0
1,685.0,28,Male,Married,Bachelor,Unemployed,19752.29,0.325,4770.9,4,0.518,1.65,3
1,622.8,27,Female,Married,Bachelor,Self-employed,39476.77,0.411,14358.32,2,0.46,0.1,1
0,703.9,22,Female,Single,Bachelor,Self-employed,48074.31,0.357,18898.61,4,0.619,2.09,0
0,653.1,24,Male,Single,High School,Employed,47731.95,0.127,11730.71,3,0.3,1.34,0
1,555.7,26,Male,Single,Master,Employed,91362.58,0.37,32546.59,1,0.709,0.4,2
1,623.9,20,Female,Single,Bachelor,Unemployed,14579.34,0.262,3532.79,2,0.529,2.48,0
0,669.3,19,Female,Single,High School,Student,14338.47,0.281,6450.9,4,0.411,0.72,0
0,557.2,26,Female,Divorced,Bachelor,Employed,63975.97,0.168,10097.49,1,0.54,0.61,3
1,645.6,23,Male,Single,High School,Employed,46957.14,0.432,10514.62,4,0.542,1.47,2
0,649.9,19,Male,Single,High School,Student,15842.68,0.319,4162.44,4,0.367,0.1,0
0,677.5,20,Male,Single,High School,Student,15301.63,0.223,5931.99,2,0.637,2.39,0
0,713.1,20,Female,Single,High School,Student,16511.69,0.228,6374.27,3,0.59,2.5,0
0,696.7,18,Female,Single,Bachelor,Student,15109.16,0.224,1243.81,4,0.576,0.5,0
1,630.7,18,Non-binary,Single,High School,Student,16882.42,0.467,2764.35,3,0.705,0.5,0
1,668.8,23,Female,Single,Bachelor,Student,11946.45,0.338,3661.66,4,0.6,0.75,0
0,620.0,22,Female,Single,Bachelor,Student,10000.0,0.435,1390.31,1,0.152,2.88,0
0,736.3,19,Male,Single,High School,Employed,51686.59,0.387,5453.69,4,0.183,1.5,0
1,619.8,19,Female,Single,High School,Employed,37424.71,0.229,5403.76,1,0.529,1.06,0
1,585.6,23,Female,Single,Bachelor,Self-employed,45573.4,0.219,12441.42,1,0.976,0.86,2
0,622.5,26,Male,Single,High School,Employed,35003.36,0.202,3569.18,1,0.756,1.19,2
0,697.6,18,Female,Single,High School,Employed,36355.51,0.348,12706.35,4,0.227,0.5,0
1,576.2,19,Male,Single,High School,Unemployed,10009.93,0.491,2566.63,1,0.327,0.21,0
1,558.4,20,Male,Single,High School,Student,12845.08,0.248,1631.81,1,0.967,0.5,0
1,602.9,18,Male,Single,High School,Employed,37967.72,0.239,13183.45,1,0.348,0.5,0
0,685.6,29,Male,Married,Bachelor,Employed,52118.03,0.372,5973.05,3,0.74,2.96,2
1,594.3,22,Male,Single,Bachelor,Student,20694.12,0.231,8070.98,1,0.689,1.0,0
0,635.5,18,Male,Single,High School,Student,14121.63,0.349,1567.17,2,0.535,0.5,1
1,658.0,24,Non-binary,Single,Bachelor,Student,12964.13,0.338,1820.39,2,0.271,2.32,0
1,674.6,22,Female,Single,Bachelor,Employed,31240.89,0.522,4848.86,3,0.493,2.69,0
1,683.8,25,Female,Single,Bachelor,Employed,45889.16,0.208,20374.67,4,0.464,0.89,4
1,569.8,20,Female,Single,High School,Unemployed,14363.08,0.212,3692.32,1,0.586,1.2,0
0,630.4,19,Female,Married,High School,Student,17912.38,0.36,4410.77,3,0.419,0.85,0
1,613.4,19,Female,Single,High School,Student,13039.34,0.209,2133.13,3,0.488,0.1,0
1,621.4,27,Female,Divorced,High School,Employed,32210.45,0.246,14315.9,2,0.333,0.95,2
0,696.5,22,Male,Single,High School,Unemployed,16709.54,0.528,3659.16,4,0.879,2.75,0
0,670.0,21,Male,Single,High School,Student,13262.08,0.236,4658.97,3,0.462,1.14,0
1,644.4,24,Female,Single,Bachelor,Employed,47618.97,0.154,20345.75,3,0.66,2.39,2
1,586.7,18,Female,Single,High School,Student,16519.72,0.169,1536.24,1,0.508,0.39,0
1,564.3,18,Male,Single,High School,Student,13290.64,0.383,1813.16,1,0.381,0.5,0
0,685.8,29,Male,Married,High School,Employed,33764.59,0.187,13826.8,4,0.26,0.52,2
1,623.0,18,Female,Single,Bachelor,Employed,71953.86,0.074,16483.56,2,0.312,0.5,0
0,679.1,19,Female,Single,High School,Employed,60912.27,0.158,27348.87,3,0.199,1.49,0
0,648.0,20,Female,Single,High School,Student,12668.49,0.301,3811.23,1,0.384,2.5,0
1,637.1,19,Male,Single,Bachelor,Employed,67598.05,0.297,9756.89,3,0.583,0.91,0
1,699.7,22,Male,Single,Bachelor,Employed,77541.34,0.282,16153.31,3,0.458,1.42,0
1,654.0,21,Female,Single,Bachelor,Self-employed,40421.26,0.403,16371.69,3,0.461,2.43,0
1,569.8,18,Male,Single,High School,Student,18518.71,0.231,5523.72,1,0.696,0.26,0
0,606.6,23,Male,Single,High School,Student,10671.38,0.296,1057.37,3,0.843,0.16,0
1,645.0,25,Male,Married,High School,Student,11963.13,0.281,2594.52,4,0.798,0.56,0
0,678.5,20,Non-binary,Single,High School,Employed,38973.57,0.302,11294.52,3,0.622,2.5,0
0,645.9,29,Male,Single,High School,Student,13111.05,0.333,4391.02,3,0.371,1.0,0
0,701.4,26,Non-binary,Divorced,Bachelor,Student,14863.36,0.113,3730.15,4,0.73,2.77,0
0,705.5,20,Female,Single,High School,Employed,51644.99,0.111,13891.7,4,0.225,2.5,1
0,695.4,29,Female,Single,Master,Unemployed,22711.99,0.33,5328.12,4,0.734,2.77,1
0,661.8,27,Male,Single,Bachelor,Employed,47963.77,0.285,8447.5,2,0.39,2.12,0
0,662.2,21,Male,Single,High School,Student,17334.57,0.264,5134.12,4,0.636,0.43,1
1,649.9,27,Non-binary,Married,Bachelor,Employed,52232.15,0.348,20599.24,3,0.743,1.14,3
1,620.2,27,Male,Married,Bachelor,Employed,68248.21,0.31,11627.16,1,0.568,2.32,2
1,624.9,22,Female,Single,Bachelor,Unemployed,16082.7,0.22,5730.26,2,0.175,0.4,0
0,702.4,24,Female,Single,Bachelor,Employed,60937.06,0.198,11157.26,3,0.411,2.53,2
0,671.6,21,Female,Single,Bachelor,Employed,36403.98,0.317,4306.62,4,0.297,1.54,0
1,581.7,29,Female,Single,Bachelor,Employed,60988.33,0.404,6777.73,2,0.822,0.66,4
0,559.8,18,Female,Single,High School,Student,18872.61,0.351,1783.57,2,0.26,0.5,0
1,605.5,22,Male,Single,High School,Employed,46282.54,0.115,4289.66,1,0.458,1.87,0
1,619.6,18,Female,Single,High School,Unemployed,12681.3,0.195,1602.12,3,0.794,0.5,0
0,651.9,26,Female,Single,High School,Employed,45563.55,0.343,8122.4,3,0.488,1.06,3
1,604.1,26,Female,Married,Bachelor,Self-employed,37864.23,0.312,9723.9,1,0.644,0.76,3
1,655.8,20,Female,Single,High School,Unemployed,16918.89,0.219,3252.13,3,0.452,1.32,0
1,620.7,19,Female,Single,High School,Student,13444.97,0.27,4815.85,1,0.295,1.24,1
1,618.9,26,Male,Divorced,High School,Unemployed,10549.02,0.445,2578.74,2,0.714,2.09,2
0,703.9,20,Non-binary,Single,High School,Employed,35470.35,0.322,15833.74,4,0.225,0.71,0
0,596.4,20,Female,Single,High School,Student,10000.0,0.32,4364.08,2,0.966,2.5,0
0,606.7,23,Male,Single,High School,Employed,50659.27,0.369,6290.46,1,0.633,1.98,2
0,625.8,27,Female,Married,Bachelor,Employed,43269.02,0.345,14252.95,2,0.06,0.11,0
1,701.6,20,Female,Single,High School,Employed,49213.11,0.287,16014.57,4,0.55,1.01,0
0,669.4,19,Male,Married,High School,Employed,58636.43,0.213,16279.86,4,0.518,1.06,0
1,553.9,19,Male,Single,High School,Unemployed,12635.68,0.531,1381.37,2,0.667,0.1,0
1,651.3,20,Male,Single,High School,Student,10469.27,0.347,3572.16,3,0.467,1.56,0
0,679.9,25,Female,Single,High School,Employed,59361.32,0.108,24976.09,4,0.788,0.71,4
1,587.5,25,Male,Married,Bachelor,Self-employed,45703.86,0.325,6378.67,1,0.283,0.76,0
1,621.6,18,Female,Married,High School,Student,12066.94,0.211,4809.92,3,0.746,0.5,0
0,620.6,25,Male,Divorced,High School,Employed,43100.92,0.347,10172.0,1,0.707,2.44,0
1,595.4,24,Female,Single,Bachelor,Student,18232.75,0.364,7124.7,2,0.223,0.22,0
1,584.2,26,Female,Married,Master,Unemployed,19641.5,0.342,1701.74,1,0.608,0.42,1
0,669.5,21,Male,Single,High School,Student,10947.38,0.237,3280.84,4,0.453,1.34,0
0,707.1,27,Male,Married,Bachelor,Student,26136.82,0.364,2829.19,2,0.458,2.34,0
1,625.1,22,Female,Single,High School,Unemployed,18117.32,0.453,2296.1,2,0.135,2.8,0
1,615.7,18,Female,Single,High School,Employed,47651.09,0.225,11991.39,2,0.639,0.3,1
1,627.5,23,Non-binary,Single,Bachelor,Employed,36142.13,0.186,12308.95,1,0.382,1.65,1
0,582.6,18,Male,Single,High School,Student,10000.0,0.36,2462.15,2,0.373,0.5,0
0,624.7,18,Female,Single,High School,Employed,37013.37,0.292,15568.38,2,0.251,0.5,1
0,675.3,24,Female,Single,Bachelor,Unemployed,13962.05,0.28,2775.0,3,0.644,1.01,4
0,660.7,19,Female,Single,High School,Student,15192.66,0.41,4097.19,3,0.354,1.07,0
1,626.5,21,Female,Single,High School,Student,12398.9,0.375,4483.85,2,0.796,0.47,0
1,619.7,21,Female,Single,High School,Student,11219.71,0.38,4102.37,2,0.589,2.54,0
1,646.7,28,Male,Single,High School,Employed,36443.98,0.181,8612.44,3,0.499,0.1,4
0,706.4,25,Non-binary,Single,Bachelor,Employed,50439.64,0.27,9229.12,4,0.161,1.4,3
1,620.1,26,Male,Divorced,Bachelor,Employed,62184.98,0.184,8004.11,2,0.491,0.28,1
0,687.9,27,Female,Divorced,Master,Employed,45543.25,0.21,4653.4,4,0.231,1.01,0
1,664.5,18,Female,Single,High School,Employed,49473.19,0.168,9428.92,3,0.543,0.5,0
0,699.5,23,Female,Single,High School,Employed,47378.07,0.066,4973.86,4,0.5,1.19,4
1,629.6,21,Male,Single,High School,Student,19549.12,0.22,4995.07,1,0.239,1.83,0
1,598.7,24,Female,Single,High School,Student,10976.89,0.388,2732.87,3,0.258,0.1,0
1,570.7,29,Male,Married,High School,Self-employed,44864.41,0.264,18800.61,1,0.267,0.38,0
1,674.8,21,Male,Single,Bachelor,Student,18625.7,0.282,7089.96,4,0.229,0.4,0
0,687.1,23,Female,Single,High School,Employed,50347.56,0.198,10808.4,3,0.566,2.92,2
1,611.4,18,Female,Single,High School,Unemployed,13832.46,0.398,5302.25,2,0.333,0.5,0
1,636.6,18,Female,Single,High School,Student,13494.69,0.271,4795.74,3,0.472,0.5,0
1,697.6,20,Female,Single,High School,Student,12681.22,0.307,2382.87,3,0.419,2.5,0
1,621.9,21,Female,Single,High School,Employed,44619.89,0.404,7844.95,1,0.418,0.56,0
0,635.1,23,Male,Single,High School,Employed,45453.15,0.276,5102.57,2,0.781,0.7,0
1,654.0,19,Female,Single,High School,Unemployed,16299.62,0.383,6377.43,3,0.531,1.24,0
1,606.7,27,Female,Single,Bachelor,Unemployed,27252.25,0.365,3378.99,1,0.914,1.7,3
1,634.0,28,Female,Married,Bachelor,Employed,49967.98,0.305,11864.35,2,0.418,2.21,1
0,673.4,23,Male,Single,Bachelor,Employed,80561.7,0.262,19068.71,2,0.465,1.7,1
1,579.2,25,Male,Married,High School,Unemployed,12410.29,0.426,1314.35,1,0.916,2.65,3
0,612.9,27,Male,Single,Master,Employed,63742.26,0.35,17339.69,1,0.643,2.08,2
1,650.9,25,Male,Single,High School,Employed,36527.71,0.441,15910.26,3,0.775,2.55,0
1,599.9,25,Female,Single,High School,Employed,48270.68,0.186,8166.85,1,0.143,1.24,0
1,571.7,26,Female,Single,High School,Employed,43570.1,0.431,16742.02,1,0.358,0.67,3
0,688.3,29,Female,Married,Master,Employed,59538.08,0.318,19561.71,3,0.35,0.39,0
0,598.5,25,Female,Single,High School,Employed,33801.02,0.314,6096.27,2,0.365,0.68,0
0,713.9,27,Male,Married,High School,Unemployed,10000.0,0.299,4218.81,4,0.551,2.68,2
1,654.5,21,Male,Single,High School,Student,18227.74,0.311,5093.72,4,0.528,0.93,0
0,653.2,19,Female,Single,High School,Employed,55569.39,0.268,10241.92,3,0.345,0.52,0
0,595.4,28,Male,Single,Master,Self-employed,48734.51,0.285,15302.19,1,0.096,0.26,1
1,603.2,19,Female,Single,Bachelor,Employed,46925.66,0.216,10419.27,1,0.322,1.5,0
0,639.1,19,Female,Single,Bachelor,Employed,47611.93,0.503,21331.14,3,0.179,0.68,0
1,599.3,24,Female,Single,High School,Employed,44887.54,0.442,9746.22,1,0.47,1.69,3
1,629.1,20,Male,Single,High School,Student,10000.0,0.511,2630.53,2,0.406,1.4,0
0,650.3,19,Male,Single,High School,Employed,61191.86,0.311,19695.25,2,0.408,1.5,0
0,598.5,23,Male,Married,Bachelor,Student,13839.73,0.075,2964.01,2,0.511,0.1,0
0,713.8,23,Male,Single,High School,Student,15498.71,0.211,1541.2,4,0.661,2.66,0
0,653.4,27,Female,Married,Bachelor,Employed,37833.29,0.202,12793.15,3,0.32,0.28,4
0,665.4,28,Non-binary,Married,High School,Employed,36158.8,0.453,7580.69,3,0.277,1.39,1
0,708.7,27,Female,Married,Bachelor,Employed,48098.27,0.303,21280.32,4,0.432,1.02,1
1,643.0,27,Male,Divorced,Master,Employed,49486.29,0.351,6747.23,3,0.626,1.75,2
0,670.2,29,Female,Single,Master,Employed,58027.26,0.299,8016.79,4,0.618,0.5,4
1,608.7,21,Male,Single,High School,Student,17652.78,0.305,3331.72,2,0.726,1.29,0
0,637.1,19,Male,Single,High School,Student,13910.33,0.19,1610.59,2,0.392,1.42,0
0,640.4,19,Male,Single,High School,Employed,51368.51,0.351,14446.15,3,0.755,1.5,0
0,672.9,26,Female,Married,High School,Employed,47855.76,0.238,6860.02,1,0.417,2.34,0
0,610.8,19,Female,Single,High School,Student,11565.23,0.388,1226.77,2,0.589,1.5,0
0,679.3,24,Female,Single,High School,Employed,47982.7,0.396,7066.39,3,0.2,1.06,2
0,615.6,25,Female,Single,Master,Employed,42074.03,0.264,4040.34,1,0.608,1.24,1
1,573.6,21,Female,Single,High School,Student,12002.92,0.426,4161.05,2,0.801,0.33,0
1,615.1,24,Male,Single,Bachelor,Employed,47257.37,0.185,4249.04,2,0.486,1.03,2
1,572.8,21,Female,Single,High School,Student,16125.62,0.364,2323.15,2,0.507,0.1,0
1,612.1,20,Female,Single,High School,Student,14368.06,0.377,2268.25,2,0.505,1.5,0
1,561.8,24,Male,Single,High School,Employed,74348.24,0.366,18584.32,1,0.534,0.78,0
1,660.9,27,Male,Single,Bachelor,Employed,84100.38,0.175,29932.66,3,0.543,0.14,0
1,587.2,25,Male,Married,High School,Employed,37481.61,0.288,4382.01,1,0.374,0.82,1
0,669.2,26,Female,Divorced,Master,Employed,58226.6,0.379,22166.6,4,0.89,0.93,2
0,592.3,19,Male,Single,High School,Student,18200.51,0.221,5948.41,1,0.767,1.5,0
1,690.4,29,Female,Single,Bachelor,Employed,58003.1,0.224,5697.99,3,0.129,0.69,2
0,621.9,20,Male,Single,High School,Employed,42687.4,0.143,11847.69,1,0.301,1.93,0
0,646.3,29,Male,Married,High School,Self-employed,51445.82,0.146,7846.66,2,0.121,1.16,0
