Sales_Volume,Marketing_Spend,Price_Index,Customer_Income,Competitor_Price,Product_Quality_Score,Social_Media_Mentions,Economic_Indicator,Advertising_Frequency,Seasonal_Index,Store_Traffic
940.9048,1.5759,0.8919,-0.7268,-0.0478,-0.657,1.1052,-3.367,-8.5445,-4.6172,-2.8806
1095.699,0.5355,1.2667,-1.7799,1.209,-0.1132,0.6339,-1.3488,-4.8572,0.5853,-3.2546
892.1168,-0.6863,0.1571,0.1458,-1.4327,-0.6668,-0.2312,-3.4972,-1.8701,-0.3143,-9.5857
1049.2337,0.9253,0.3959,0.6764,0.1687,1.5741,0.7337,-1.5198,9.0925,3.2589,-2.4878
1144.7554,-0.5589,1.0736,1.5655,0.3772,0.133,0.0192,-9.1983,2.0826,-8.3575,4.8592
973.2927,0.6603,0.3248,-0.395,0.7475,-1.0072,0.4042,0.8025,-6.5092,3.4454,-8.5325
910.3776,1.5505,-1.3445,0.9843,-0.9984,-1.0041,0.5298,0.5919,1.6624,-13.2877,5.2077
1221.3202,-0.8808,-0.6076,-0.7352,1.7987,0.9578,-0.5459,-4.7086,-7.5289,-4.2449,2.7466
1051.5436,1.4069,-0.9929,0.9553,-0.4841,0.6663,0.3587,3.7375,5.9914,-2.57,-3.0938
946.7469,-0.3705,1.8093,0.0156,-1.4056,-0.8476,0.4118,5.0591,-3.0077,2.3819,-1.7973
1067.5836,-0.7727,0.1852,0.9004,0.8302,0.2223,-0.3771,-7.975,0.8107,-0.5638,7.0393
1018.0942,-0.0929,0.5153,1.1168,-0.2395,2.1841,0.0615,-3.4986,7.1995,-7.6392,3.0871
990.2951,0.6905,-0.9588,0.6578,0.2656,-1.5836,0.0818,-3.5863,-6.0228,-4.5456,-0.1701
1104.3548,1.0484,1.0725,1.7446,-0.0811,1.4343,0.6546,-4.3952,-6.7008,1.4542,-3.1517
1026.1511,0.1576,-0.7664,-0.0241,0.195,-0.6368,-0.3236,4.2577,-2.177,-0.2449,0.0949
765.6933,-0.3828,-0.9939,-0.3977,-0.1237,-0.8565,-0.5458,-0.9918,5.2896,-4.6887,-3.8233
1157.1328,-0.7342,0.6515,0.4573,0.082,-0.2015,-0.2729,-1.3209,-7.6033,-1.7358,-9.925
1163.4343,-0.9734,1.0684,0.3361,1.0071,2.3036,-0.1348,-10.3026,-15.6402,4.6273,11.4701
977.2769,0.1239,0.4847,1.2036,0.615,2.5304,0.1166,3.2013,-2.4837,-3.3854,0.5458
1057.8591,1.4841,1.8043,-0.3131,0.3556,0.7198,1.1421,-6.3232,1.4654,0.032,1.0343
1025.3768,0.6069,1.1234,1.3048,-1.8419,0.1929,0.7871,1.1655,7.5197,12.1546,0.1307
883.7742,-0.8604,0.6386,1.0063,-0.3846,-0.0661,-0.2612,1.6461,-3.5268,-7.071,-4.3274
959.0237,1.2669,-1.2609,0.4438,-0.7077,2.1222,0.2619,7.1019,-1.0247,-9.7434,-2.449
964.0571,-0.0568,-1.5072,-0.5643,-0.8904,0.4288,-0.623,-6.1756,6.54,4.8737,-5.8035
1158.9886,1.3843,-2.4994,0.5948,0.5639,-1.3896,-0.1121,-14.975,-10.9941,-0.9535,12.408
1149.6676,-0.9885,-0.3663,0.4764,2.2409,0.0224,-0.5931,0.3859,-2.9293,-1.64,-5.5457
856.1855,1.5302,-0.3022,-0.9246,0.6649,-0.3613,0.5593,8.622,0.8879,-4.421,-6.1704
901.97,-1.182,-0.2728,-0.6983,0.996,-1.0984,-0.6353,5.7683,1.627,-2.3033,-3.7078
947.0688,-1.51,-0.2724,-0.1937,-0.2205,-0.8051,-0.8968,1.1371,-2.3606,7.7324,5.7837
978.5419,-1.0212,-0.5552,0.2438,0.7084,-1.448,-0.7063,-2.7242,-2.0266,3.5086,0.5126
903.5508,-0.5036,0.273,-0.7661,-0.1506,-0.092,-0.2301,3.9018,-12.4256,5.2847,-5.3861
844.8303,-0.2286,-0.5441,-2.5623,-0.9943,0.0409,-0.0923,-5.2488,-4.2934,-7.5943,7.0125
1090.4524,-0.8324,-0.6231,-0.5522,0.4714,-0.6374,-0.6045,2.1698,3.4566,-6.3265,5.0755
888.1281,0.9331,-1.4194,0.7033,0.0635,0.1982,-0.0651,2.7137,-4.5862,-14.4971,2.8407
1019.4015,0.332,1.1071,0.7095,0.1905,-2.1727,0.5804,5.3375,1.1423,-4.1374,3.0433
1104.8505,0.0756,-0.9728,-0.0292,1.0489,-0.1726,-0.3761,13.6352,2.873,3.3326,11.9082
830.358,0.3835,0.7819,1.3298,-0.9911,-0.0135,0.4472,2.4028,-2.8195,1.8213,10.6258
946.6821,1.8005,0.0599,0.2097,1.2389,1.3607,0.7223,-3.021,-0.4565,-0.9237,-6.4531
1127.2965,-0.4973,0.8811,0.1633,0.2941,0.6191,-0.1172,-0.161,-5.1892,1.1578,7.4633
985.9417,-0.0588,0.599,0.1911,-0.2209,-0.4942,0.17,-8.6362,-0.7492,-2.2788,2.8783
1037.6903,-0.0024,0.1961,-1.0922,-0.5893,-1.549,0.1315,-3.3468,3.3091,1.499,3.5994
1117.8778,-0.5717,0.5334,0.9331,0.3326,1.2182,-0.1087,-2.0055,1.8422,3.5143,-7.5892
787.5773,-1.6275,-1.6694,0.2597,0.0481,-0.6626,-1.3262,-2.4751,-2.3621,-9.8843,-1.6152
1164.0594,-0.2026,0.7654,0.3052,0.98,0.4987,0.0982,0.525,-0.8214,0.3425,-4.2195
1186.0088,1.3887,1.2828,0.3814,0.1424,-1.3078,0.9313,-4.0958,3.2279,2.8264,4.1844
741.6263,-1.4308,1.083,-0.2988,-0.4766,-0.6738,-0.4625,5.7767,-9.2922,-2.225,2.6428
1178.0154,-0.2775,-0.6136,0.4218,1.2913,0.5458,-0.3689,-0.2368,3.6238,3.6616,-10.3805
1079.7005,-0.8469,-1.0501,0.7793,1.2496,1.3705,-0.6328,-0.4232,-0.9861,13.0854,0.1736
1068.7104,-1.7092,-0.0951,-0.0892,0.3917,-0.216,-0.8488,-1.6272,2.4614,-0.5878,5.4381
1192.9989,0.2537,-1.2295,1.0858,0.4677,-0.4653,-0.4183,0.9908,5.8803,0.4636,1.7109
1298.0856,0.515,0.3578,0.515,0.5138,1.0831,0.3973,4.0118,-5.8046,-4.6281,2.2676
745.6762,-2.2236,0.2431,-0.301,-0.5181,0.6123,-1.0774,-4.2008,-4.5258,-0.892,0.3742
1116.4094,0.6277,-0.63,0.2638,1.6646,-1.4465,0.0571,-3.6878,-1.9078,2.2762,2.7928
962.8005,0.8339,0.1777,-0.0702,0.4592,0.3802,0.5314,-1.6443,-3.3082,2.055,-0.7968
1006.8741,-0.0993,-0.7513,-1.9546,-0.2724,0.1311,-0.172,-7.0936,9.5595,-5.7923,-4.0317
926.7684,-1.3453,-0.6287,0.5053,-0.2812,-1.4816,-0.7681,-3.978,-5.6233,0.7056,-5.4725
1192.1834,-1.0884,-2.1098,1.7509,2.5605,-0.6865,-1.2611,-2.8016,-1.6144,6.025,4.6156
1180.0712,0.6928,0.6523,0.8614,1.1058,0.4803,0.5112,4.3298,-0.0332,1.2805,0.9201
1070.355,-0.7812,2.1699,1.5985,-0.2598,-1.8518,0.2935,1.7648,-5.2272,4.4917,-1.3712
917.0569,-1.2258,-0.2574,0.2245,-1.4644,0.3992,-0.5925,1.4151,-1.3312,0.3889,-2.6026
937.1889,0.0002,-0.6947,-0.3279,-0.0093,-0.5241,-0.2562,4.2689,1.7396,4.8705,-2.3484
1084.5286,-0.1943,-1.1618,1.0487,-0.7558,-0.3009,-0.4642,-0.5352,-2.8738,1.6478,5.6235
940.6437,-0.7725,0.0397,-1.5138,-0.058,0.4613,-0.485,1.7818,-1.3913,-4.4606,-2.1272
828.7128,-0.6047,-1.8766,0.8971,-2.2056,-0.6354,-0.985,0.151,-3.8363,1.4081,-7.3297
1048.4432,-0.3999,0.0684,-0.105,-0.7452,0.3316,-0.0982,1.4931,-8.6195,-4.4345,5.4293
856.0678,-0.9825,0.1799,0.5501,-0.2246,0.9183,-0.3017,-2.8484,0.0375,-2.2236,-2.014
1027.6792,0.3919,0.8678,0.6507,-1.0346,-0.8898,0.4491,-11.883,7.8139,1.6437,0.4111
915.044,-0.8977,-0.1289,-0.3754,-0.6375,0.4854,-0.3871,-0.4391,-0.7571,0.755,8.3436
1055.9866,-0.7971,-0.9984,0.4349,0.0409,1.9914,-0.6619,7.1417,1.5192,-6.5153,1.4876
984.4408,-0.2746,0.3351,-0.6891,-0.4572,-0.2121,-0.1013,4.6651,4.0058,5.2722,1.108
1141.3412,0.057,1.3282,1.5285,0.2686,0.4559,0.4631,5.0474,-4.1817,3.7879,-6.5381
912.6392,-1.0651,-0.025,-0.6095,-0.3052,1.3902,-0.3863,6.198,9.0704,-4.8355,-1.088
874.3165,-1.0142,-0.9634,-0.2323,0.339,-1.7569,-0.7997,0.3028,-0.2573,-7.8477,2.1588
956.684,-1.2374,0.842,1.3286,0.1094,-2.907,-0.2097,1.0912,7.7845,-2.3558,-8.8154
967.0579,-2.1961,0.3017,0.143,-0.1621,-1.8438,-1.2695,-2.9114,-4.5555,-1.6934,0.9401
1137.0834,-1.4972,-0.459,0.6937,0.7265,0.2187,-0.8041,-1.709,8.9235,-0.4123,0.492
955.4874,-0.3452,-0.216,0.6864,0.4893,1.6351,-0.2287,2.9137,5.1875,-2.0693,-0.8857
1154.45,0.532,0.3386,1.7612,0.3617,0.2166,0.3377,6.2203,1.7394,-8.9759,6.2866
1084.5014,0.4185,-1.2774,0.923,-0.4967,1.2696,-0.1648,-0.2136,-0.075,-2.0853,3.0298
991.1782,-1.1275,0.0444,0.1545,1.1279,0.4947,-0.7492,-2.4734,-0.8592,-0.5222,6.9811
875.4398,-0.2427,1.146,-0.4548,-1.89,1.5588,0.2005,0.4438,4.4722,2.7956,-3.3383
989.6558,-0.4808,0.0226,-0.5177,0.6962,-0.985,-0.1979,2.6587,0.9005,-4.0701,0.6006
1099.8478,1.3632,-0.0463,-0.4889,-0.3036,0.0619,0.8155,-7.2581,-10.7629,6.8959,0.2321
973.8168,1.0103,-0.1761,1.3785,-0.0444,-0.1309,0.4005,-10.9842,-4.4577,-10.364,-6.2221
887.7058,-0.7076,0.8468,-0.1107,-0.7122,-0.0991,-0.1806,-2.523,-1.532,7.0259,5.2137
1029.1257,-1.0556,1.2921,-1.2324,-0.3537,1.3155,-0.1904,-6.2009,1.7605,1.3793,11.4629
1068.242,-0.982,2.3059,0.385,-0.6867,0.7964,0.2923,-2.1547,1.381,5.1576,-0.4099
1050.9399,-1.9983,1.4336,0.4958,-0.7053,0.6622,-0.5362,-0.4043,4.5962,1.7001,3.7193
751.9874,-1.4481,-0.8222,-0.7184,-1.4075,0.245,-1.0237,-2.0136,-10.2625,5.9298,-0.0484
1174.5529,1.2428,0.2093,0.0659,0.7272,-0.4327,0.7355,7.0377,1.1104,-3.1462,-4.4941
1043.7459,-0.5801,-0.9162,0.4997,0.2394,-0.0672,-0.5552,1.6547,-9.8057,-4.0059,-8.4217
1070.6076,-1.2844,0.4395,0.4914,1.4759,-1.8038,-0.4135,1.1542,4.13,6.4223,-3.1643
829.0091,-0.9546,-1.7106,-0.5062,0.5182,-1.568,-1.0607,2.9271,-1.9648,-1.4896,-7.9611
987.4555,-0.8109,-1.1115,-0.234,-1.2576,0.4982,-0.7716,-5.3585,3.2382,0.0927,10.1011
938.7694,-0.8359,-0.8065,2.7684,-1.0959,-0.4351,-0.6991,6.1513,-5.6343,5.6984,-0.3565
819.1459,-1.6885,-0.8221,0.6709,-1.12,-0.5694,-1.2372,0.0833,6.2733,-5.1696,-2.7938
974.7122,-0.1979,0.5027,-1.8317,2.0679,-0.9657,0.0815,2.3736,6.8378,1.8036,3.864
787.8234,-2.0778,-1.6892,1.6434,-0.3203,-1.9755,-1.5196,-5.1343,3.6688,-2.921,-7.6738
1146.4072,1.1359,0.1434,-0.162,-0.154,-1.2512,0.6115,-7.6634,-2.1801,-1.2726,-2.2549
1018.1179,-0.5141,-2.1147,1.2562,0.8977,0.0632,-0.9149,4.106,2.6234,-1.4543,-0.8182
854.8336,-0.5358,-1.0294,-1.1165,-1.7074,-1.5224,-0.7182,2.2708,-2.4218,-5.9674,4.5146
742.3344,0.551,0.4091,-0.3008,-0.7335,-1.3499,0.3562,-4.64,3.8226,-4.793,1.1612
1274.1905,-0.3231,1.424,0.9752,1.3356,-0.0292,0.2314,-4.3451,8.3867,5.2546,2.3525
978.0301,0.9778,-0.0914,1.1536,-2.1056,0.0523,0.3813,6.4756,4.2924,3.1464,-0.3264
1057.3319,1.2783,0.2167,-0.1933,-0.0608,0.4033,0.688,-5.8567,-5.4737,-1.7976,1.6997
992.0046,0.4933,-0.9232,-0.8584,0.1848,-0.9759,0.0101,7.8823,2.8607,3.848,0.0589
1076.1938,-0.0539,-1.1819,1.1219,-0.9823,2.086,-0.1929,-3.9228,-7.4805,-1.0548,-5.5113
1021.0831,0.9154,-0.2197,-0.5298,0.3288,1.4779,0.4093,2.882,2.3437,6.2812,-0.5781
898.8179,-0.3995,-0.5523,-0.0633,0.1292,2.2919,-0.3397,-1.7569,4.1205,0.5804,-6.5305
1061.97,-1.032,-0.0579,1.2881,-0.4403,-0.1859,-0.5408,3.597,-10.9485,-0.0753,2.6825
845.7637,0.2079,1.8691,-1.6032,0.1326,-1.6651,0.4728,-3.1001,-7.8107,5.067,-2.5537
875.2004,0.2089,-0.6017,-1.3282,-1.9597,-0.0135,-0.0787,-0.47,-2.4734,-5.1077,13.5195
786.6618,-0.5984,-0.1321,-0.0681,-0.9666,-1.3586,-0.3328,0.568,-2.584,7.6927,-2.2213
974.3737,0.5303,-0.3023,-1.0575,0.3045,-0.9358,0.4208,-5.2642,-7.1233,-5.6067,-8.1444
933.9966,-0.4646,0.4037,0.2833,0.2012,-0.9037,-0.1304,3.7155,2.2693,9.3359,-1.8499
950.4181,0.3261,-0.361,0.924,-1.2511,-1.0811,0.0849,-1.9694,1.8733,-2.1729,3.1899
921.2744,-0.4594,0.3385,0.8303,-0.8498,0.6328,-0.1316,-0.4816,1.2993,-0.9653,8.5487
1122.3381,-0.2588,0.5463,0.5609,1.5986,-0.4364,-0.0824,-5.3449,-3.8886,-9.8201,-3.0356
1078.8439,-1.4763,0.187,-0.6333,1.8056,-0.729,-0.5678,-13.4599,5.0545,-3.0888,-7.7318
1061.102,0.5737,0.4665,-1.2883,-1.2763,0.5223,0.502,-0.7248,8.1791,-4.31,6.3566
1139.275,0.8117,1.6815,2.9354,0.3319,0.1473,0.9894,12.6611,-3.0983,-2.5285,-6.288
1141.8787,-1.4242,1.4538,-0.6412,1.9116,-0.7216,-0.3669,3.34,-2.922,0.1115,-1.3493
955.5382,-0.8255,-0.0122,0.4129,-0.3214,0.0758,-0.2761,0.1466,1.7789,4.6419,-0.313
906.6165,0.0122,0.7664,-1.2715,-0.0929,0.4608,0.0958,-1.6552,-3.3125,0.4829,0.4498
1086.8527,-0.3693,1.0599,-1.7762,0.1434,0.6836,0.192,-0.1226,-2.0629,1.7996,4.6578
787.5303,-0.7833,-1.5507,0.8135,-0.3221,-1.0623,-0.6378,2.8803,4.1719,-3.9277,-4.3376
849.6906,-0.5889,0.2956,-0.6079,-0.8373,1.4769,-0.3048,-5.7442,-10.7146,-5.5011,-1.1519
959.7587,0.193,-0.4577,-1.565,1.6765,-1.1098,-0.0974,4.6802,6.9148,9.1976,-1.6189
1059.5635,0.9971,0.4731,-1.1298,1.1274,-0.2378,0.6504,3.0063,0.8298,-4.7555,1.2687
1057.6484,-0.8577,-0.6392,0.5557,-0.3848,0.6868,-0.671,3.8504,-2.6993,8.8727,-0.0802
983.5958,-0.0093,-1.5428,1.8134,0.307,-0.4842,-0.6226,2.4951,-1.4124,-0.7238,2.0047
971.321,-0.8344,-1.0296,0.6883,-0.2346,-1.7189,-0.7192,0.3483,0.8591,-0.5095,4.2658
953.7675,1.2377,-0.2025,-0.968,0.3798,1.0361,0.4518,3.2181,-10.079,4.9543,0.993
961.7884,0.9136,-0.1002,1.4927,-0.8032,-0.878,0.4741,3.5439,6.6478,6.7268,2.0414
1088.7442,-0.6443,1.9003,1.1861,-2.7391,1.6435,0.156,-0.7356,0.5978,-1.278,-6.7436
906.3806,-0.6118,0.0436,-0.4293,-0.037,-0.6226,-0.1378,-2.8463,2.4096,-3.2612,-0.4913
1187.3502,-0.3433,-0.3751,1.1572,1.1422,-0.788,-0.3625,0.517,5.4147,-1.6569,3.8314
1142.8522,2.4852,-1.1195,1.2754,0.2648,0.1787,0.8745,7.798,-3.8766,0.8393,4.2478
1053.3425,0.6724,1.2523,1.181,0.1667,0.6441,0.7932,-5.9496,2.4493,3.5958,-5.2141
877.806,-1.5709,0.697,-1.1939,-1.1268,1.1731,-0.6994,-7.1683,-0.9686,0.4689,-3.4025
796.5644,0.3824,-1.5681,-0.3971,-1.3122,-0.3934,-0.2565,1.1083,3.4714,2.7008,-3.6309
1094.6839,-0.5785,1.1167,-0.0584,-0.0775,0.4989,0.1765,0.4036,-10.9783,8.7293,2.8771
1230.5767,0.6067,1.0519,0.5345,-0.1832,-0.384,0.4582,1.0136,-0.2453,5.0165,7.1651
962.347,-0.9905,0.791,0.0997,-0.5663,1.4028,-0.2395,1.4221,-4.416,3.7487,-1.4504
1247.1158,-0.6076,0.7864,1.4478,1.5682,-2.833,-0.0419,-1.3142,3.5205,-9.3375,5.3003
928.639,-0.7956,1.2208,1.2795,0.4244,1.712,0.0467,7.5795,0.6026,-12.6782,1.0522
1048.2914,0.731,0.2791,-2.0903,-0.6507,-1.6907,0.3255,-8.337,-4.5166,1.6363,2.1338
1081.8687,-0.8357,0.0493,0.8672,1.0972,-0.3653,-0.5351,-4.4422,-1.1729,-0.7471,-0.8769
936.6731,1.6286,-1.1833,-1.7034,-1.3801,-0.2694,0.5115,-0.2835,0.1642,-2.4998,5.2354
1043.6871,-0.7982,0.8093,-1.2895,1.0185,-1.5257,-0.1266,-8.8641,-5.0802,0.7499,2.448
802.9836,-1.693,0.7589,-0.9886,-0.0983,0.1042,-0.5938,-1.1466,4.1473,-0.5827,10.6252
918.2666,-0.1601,-2.0102,0.0565,-0.2434,1.8076,-0.6485,8.1763,-0.2046,7.3018,-4.1953
1072.0548,-0.2942,-1.5002,-0.2004,1.3566,1.3511,-0.6652,-0.4065,-13.6487,0.6737,2.5279
1025.9328,0.6443,-0.1118,0.5233,0.1465,-1.1679,0.3118,1.0819,-2.2025,-3.168,-1.5383
828.2578,1.2305,-0.4012,0.4458,0.5275,0.928,0.5242,-6.2057,-4.9842,4.9691,-6.7009
776.6239,0.1868,-1.8409,-0.6115,-0.7554,-0.6248,-0.5303,-2.8765,-8.1303,-1.8114,0.4633
1035.2993,0.6079,-0.3078,-0.4464,0.1866,0.2494,0.3982,-2.0901,-4.6097,2.9117,0.5915
867.9099,-0.3584,-1.5327,1.1765,-1.225,0.9724,-0.5916,-0.7605,1.4198,-4.1081,14.9539
935.9586,0.4,-3.9224,0.837,0.1659,-1.4248,-1.0959,6.624,6.4308,-1.6617,-1.2228
879.8425,0.95,-1.3902,-1.5327,0.243,-1.0974,0.1236,2.3765,0.089,1.6127,-6.3903
993.9764,2.7108,-0.4769,-0.8775,-0.0637,-1.4605,1.1149,-5.9636,-1.8413,-1.6519,2.0402
1041.6034,0.3105,2.0487,-1.1569,-1.1273,-0.5568,0.8486,1.5684,2.3122,2.7986,-9.2358
1157.1959,-1.1211,-1.1241,2.0372,1.3801,-1.6873,-0.7819,2.3456,-1.4642,-1.0161,0.4118
801.4498,0.6405,-0.5315,-0.1131,0.1231,0.3467,0.0788,5.4767,-0.9614,-9.2141,-1.76
1139.6545,1.1535,-1.0504,0.4355,1.1626,-0.1035,0.358,7.7433,-6.2614,0.4728,4.0149
965.5243,-1.4724,0.3608,-0.5746,0.734,0.5558,-0.5867,-5.1666,-8.9857,5.9776,4.4377
908.3912,0.7736,-0.4846,-0.1267,-0.4957,-1.0757,0.3236,-3.7925,-1.613,-0.4402,-2.9755
879.1771,-1.4668,-0.9457,0.9753,-0.5014,-1.3171,-0.8274,-5.886,1.5663,-1.9844,-1.7553
977.0055,0.879,1.1403,-0.1822,-0.9465,0.4187,0.757,-0.8631,-0.4971,5.8171,-4.1641
912.9315,-0.2759,1.058,0.5665,-1.2244,-1.7682,0.1041,2.8978,-2.3805,-3.8929,-5.177
1085.6453,0.0282,-0.6681,1.0859,-0.0091,-0.175,-0.2753,5.2325,-5.4845,-8.6125,2.086
1122.3896,1.1598,-0.3308,-1.0259,-0.506,0.1495,0.3991,-0.405,3.812,0.0241,-3.9862
795.0048,-0.4915,0.2864,-1.7681,-0.627,0.939,-0.1676,-1.7543,-8.1154,-2.24,-3.5674
1039.8027,-0.7141,0.3327,-0.2995,1.1784,-0.2473,-0.2231,0.3391,4.2134,-4.1637,-3.6767
1239.657,2.0359,1.6892,-0.492,0.469,1.2239,1.5524,-4.4902,-5.2087,-2.5481,2.3832
1072.181,0.9603,1.8555,-1.1794,0.4625,-0.3464,1.1195,10.045,-5.3737,2.1211,8.7445
832.6086,-0.4685,0.8688,1.3509,-0.7588,0.5879,0.0277,-7.7098,-6.7142,0.0465,-8.4193
1057.5317,-0.0559,-0.2431,0.8913,0.338,1.0704,0.0445,0.9907,-1.2351,1.1467,-9.3759
983.767,-1.6151,0.7943,-0.7346,1.1647,0.2936,-0.5958,9.5228,3.52,9.0314,-0.158
1028.1212,1.6699,-0.1385,-1.1959,0.3947,-0.209,1.0654,-0.4339,1.7276,-1.1258,-0.502
673.6497,0.5136,0.1409,-1.1699,-0.5327,0.3232,0.3616,-1.0064,4.7445,-0.203,0.6273
858.4069,-0.4606,0.7385,0.3436,1.0571,-0.1156,-0.0945,-1.8964,2.3096,-3.2659,-3.7101
1043.6473,0.2106,1.0072,1.5927,-0.4885,0.0262,0.3004,-0.345,-5.8219,-7.4022,-1.0841
822.3503,-0.3871,-0.6059,0.0254,-0.0454,1.9925,-0.3271,6.7259,-2.4206,-2.065,1.288
1237.767,1.0895,0.6817,-1.4387,2.3654,-1.2262,0.7269,-12.1556,-1.7043,-2.3955,5.9696
911.33,0.3504,1.3697,0.1025,-0.8443,1.2554,0.6575,8.035,7.5987,0.6646,-10.6758
1039.5494,-1.2996,-0.7217,0.8114,0.8297,-0.5467,-0.819,-7.3047,-6.2556,13.0858,-0.1712
848.9827,0.4862,-0.2656,-2.0504,-1.9494,-0.1146,0.1561,-1.181,4.7328,-4.8442,0.9189
1071.9165,0.6158,0.9654,-0.1394,1.2039,0.0887,0.5128,-2.4803,4.6621,-2.3992,-5.2075
770.2261,-0.107,-0.0627,-0.5536,-1.0352,-0.9857,-0.2238,3.0458,9.6521,-1.1085,8.1256
1136.5705,2.1851,-1.2361,1.6239,-0.6867,0.731,0.6771,-7.4493,-1.51,4.3734,-2.4613
1118.94,-0.8811,0.6032,1.1867,-0.7122,0.6387,-0.1739,2.6285,4.6197,1.4658,0.1612
747.7578,-1.0512,0.7031,-0.2271,-2.5318,0.1654,-0.2933,10.7755,10.0262,7.2623,2.2965
1038.8981,-0.7633,0.076,0.6833,0.0379,0.4822,-0.4834,-6.6586,-4.3259,-11.2447,-2.0873
830.6019,-0.8148,1.1032,-1.2498,0.1762,0.219,-0.0591,0.4864,-8.517,-11.2505,-11.6682
987.6497,1.763,-0.8796,-1.7152,-0.5077,-0.223,0.6561,-3.4566,-9.118,-2.0458,-2.2961
551.9069,0.5232,-1.5449,-2.0173,-1.2203,0.3864,-0.2903,2.0901,4.4013,2.5722,4.468
1162.1532,1.1591,0.6102,0.4255,-0.3363,-0.5865,0.778,0.337,-9.1915,-9.8782,-0.9699
825.5283,1.0159,0.9854,-1.4852,-0.4034,0.1765,0.8094,-3.3611,-1.4104,-15.8289,-4.3053
972.6048,0.323,1.1806,0.5002,-0.061,0.0452,0.4014,2.6941,2.2378,1.4834,4.1266
1115.1346,0.8707,-2.6248,0.1307,0.9488,0.531,-0.3163,8.7758,1.0748,3.5619,-0.4723
992.4314,-1.4024,-1.3154,-0.0224,2.0911,-0.2769,-1.0397,-1.6293,1.4555,-6.0061,-3.805
906.4256,-0.3191,-1.8752,1.076,-0.796,-0.1601,-0.6138,4.065,1.7828,-5.6797,0.9605
1026.2316,0.3461,0.8942,2.0642,0.492,-0.2645,0.5467,-6.1468,6.7601,-7.2336,1.9122
1245.1434,1.1672,1.6011,-0.685,1.5884,-0.1546,0.9262,-5.3908,-6.5749,0.6543,11.8892
1126.7658,0.4201,0.1752,2.0565,0.6069,0.3675,0.1688,2.5953,-3.6985,-2.6489,5.058
1115.3539,-0.9858,0.034,1.1948,-0.2842,-0.1791,-0.4312,7.6746,-3.4675,3.205,6.4921
773.159,-0.3631,0.572,-0.3883,-2.0075,-1.5376,0.0414,2.2363,4.0061,-14.16,-2.9758
905.6378,2.0562,0.5383,-0.2213,-1.1032,-0.365,1.2411,-1.4188,3.6628,-6.2506,-6.1741
943.8431,2.0847,-0.7405,-0.3398,-1.0079,0.1514,1.2055,0.4058,2.5546,-4.9232,-0.4709
1188.6048,-0.1756,-0.5353,0.0981,0.6687,-0.731,-0.1913,-6.5574,6.6754,0.5669,1.2214
723.7696,-1.0128,-0.4634,-0.908,0.3142,0.242,-0.5319,2.6774,-7.8035,-3.2525,-7.1175
1091.9728,0.5102,-0.0827,0.1263,1.2726,0.9513,0.3257,3.9833,8.863,3.791,-1.0673
1193.3104,0.0231,-0.4358,0.1934,0.6249,-0.4778,-0.0541,-2.3197,7.5716,-11.2308,3.3388
847.6219,1.864,0.1739,-0.6996,-2.1414,-1.6192,0.9527,-1.8772,4.3078,0.7843,1.536
865.5848,1.8566,-0.2563,0.3245,-0.4818,0.7978,0.9273,1.6636,7.0497,3.35,2.5669
783.4954,-1.632,0.6138,-1.807,-0.9049,0.1676,-0.7092,-2.3409,-7.1209,10.1781,0.9152
910.8796,-0.5622,-1.1057,-1.6834,-0.2092,-0.308,-0.6365,-0.5767,-1.8426,-1.0131,-1.2247
1121.4719,-0.8966,-0.1021,1.4917,0.5734,0.4006,-0.5275,10.5414,-4.4646,1.2552,-2.1131
836.8994,1.3304,0.1666,-1.3401,-0.1206,-1.1942,0.7234,-1.2525,2.5948,-9.5685,-7.9302
836.7423,0.0022,-0.3246,-0.4625,-1.3751,0.1031,0.1352,-1.5904,-5.2267,-12.2593,8.1732
1109.3743,0.5793,-0.1449,-0.6281,1.412,1.0228,0.0595,-3.756,3.597,3.9427,-0.5068
925.2124,-0.0515,0.8227,-0.1152,0.3754,0.1803,0.2897,3.6487,5.8965,1.2172,-1.7151
1044.9097,1.5579,-0.246,-1.3449,0.9926,0.5871,0.5439,-1.4315,3.4826,5.0836,-4.1015
933.9869,0.8224,1.041,0.552,-0.837,0.4806,0.6763,-2.9039,0.5458,-7.898,14.4713
975.831,-0.7728,0.5709,-0.4854,-0.2368,0.954,-0.1063,6.5675,-4.288,3.3585,-5.6819
1038.4791,-0.8076,0.5683,-1.0448,-0.2235,0.3334,-0.2269,6.9605,-6.7271,10.5413,-2.6434
818.179,-0.5159,-0.3153,-1.7554,-0.9254,0.7152,-0.4603,-3.0903,6.197,2.2418,2.0953
985.1987,-0.6957,2.1248,1.2396,-0.9181,1.9204,0.2181,-8.713,2.6738,0.0894,3.0723
889.027,-2.6357,-1.586,0.3278,0.0034,1.871,-1.7257,5.3232,0.1945,0.5774,3.9214
978.0897,-0.0351,0.2914,1.2905,-0.8539,0.8728,-0.0032,-2.9646,-1.3575,-7.4496,8.729
949.6101,-0.279,-0.0138,0.7904,-0.2798,-0.4931,-0.122,4.0582,-8.6854,7.5911,1.2743
1113.1389,-1.0392,1.1892,0.3964,0.818,-0.0282,-0.1583,-10.0255,-3.9899,-3.8771,-4.6176
1136.564,1.8658,0.2505,-1.1913,0.4738,-0.68,0.9429,4.3405,9.7893,1.8081,-0.9917
838.4611,-1.424,-0.19,-0.4292,-0.2667,-0.1804,-0.5546,-6.1421,-5.0294,-6.2817,-0.6727
872.1902,-0.766,-1.8997,-2.2528,-0.4613,-1.3833,-0.8895,3.5056,1.8491,-6.7953,11.1253
961.4636,0.2942,1.7496,-0.7838,-0.2344,-1.2923,0.4695,0.1527,5.7269,7.4389,-7.492
999.2963,-1.0976,1.0729,1.4356,-0.3616,0.9653,-0.2083,-4.4295,-5.5703,-2.1543,7.8649
1025.7015,0.9764,1.2019,-1.0989,-1.1321,0.0579,0.7826,-1.8584,0.658,6.8452,1.584
1165.9283,-0.4612,0.3232,-1.3945,0.7566,1.295,-0.0484,3.0886,5.2338,0.1229,5.035
1359.2131,1.6079,0.7852,1.3466,1.3535,0.7147,0.9603,0.3548,-0.1712,-8.4326,0.1975
998.8608,0.1142,0.211,-0.3636,0.1503,-0.5449,0.1089,2.7839,14.7412,5.5636,-4.2498
779.7799,-0.2798,-0.0774,0.506,-0.9645,1.4509,-0.1126,10.2146,-6.5358,-3.9735,2.0717
982.8009,0.1514,-1.1204,-0.6182,-0.2927,0.0321,-0.1738,-7.9585,3.5679,5.187,3.2945
991.5136,0.227,-2.0362,0.5914,-0.3241,-0.2491,-0.6174,8.2366,-2.5369,0.8419,5.2645
1228.9954,0.2671,-0.1869,0.0823,0.8896,1.447,0.044,0.149,4.0562,-9.2012,0.9653
955.2204,0.0786,-0.0716,0.9163,-1.9982,0.7276,-0.0297,-3.7078,2.2585,0.7408,-2.2665
967.5028,-0.1209,1.1966,-0.8875,0.4195,-0.134,0.2332,-7.0319,-3.6511,11.6294,-8.5788
1132.0464,0.4643,0.2089,0.5724,0.6091,-0.3934,0.4713,-0.9905,-0.7642,4.4373,4.5673
1174.5295,-0.0412,-1.4155,0.0913,2.1591,-0.2704,-0.4048,3.8232,-10.6793,1.8118,3.4715
959.5871,0.1904,1.2003,-0.5098,0.4492,-0.4114,0.3292,-0.8414,4.1701,4.9882,-6.6987
939.6639,0.4795,0.436,-0.6924,0.7289,0.3926,0.4623,7.282,1.9444,1.1036,-4.2751
1167.0063,1.6533,0.9757,0.2399,0.6231,0.6859,1.3316,-7.5942,1.0396,0.4091,-1.8868
1154.5151,1.9041,-1.7039,2.2188,1.626,1.5629,0.5442,-0.0671,5.0166,-5.758,-7.6583
939.8704,0.2587,-0.4969,0.7829,0.2127,-0.99,-0.1717,-6.0464,1.8031,0.0552,-4.8994
1309.7456,0.7007,0.2048,-0.1043,2.8147,-1.6159,0.3634,0.8319,1.0401,4.7621,-4.7367
945.0936,-2.1782,-0.8064,-0.5618,-0.5295,0.6856,-1.2043,4.6482,-4.547,-3.6493,-0.896
840.0495,1.6324,-0.9269,-0.44,-1.4301,-3.2413,0.4674,-1.7209,-4.5855,5.8747,-3.9461
1121.7542,1.1241,0.5936,-0.7729,0.9475,0.6559,0.7845,-13.5304,6.1284,-0.847,-8.1537
1165.7184,1.4751,-0.3029,0.2184,-0.1934,-0.1933,0.7242,1.0909,8.6533,-3.7316,10.0911
1126.3971,2.1709,1.64,0.1232,-0.1759,0.0754,1.4848,2.3169,-2.7925,4.1449,6.0166
1284.1505,1.613,1.8481,-0.0832,0.7292,1.0622,1.355,1.7937,-0.0935,-0.523,-3.8808
1057.8464,1.6923,1.5512,-2.7033,0.1443,-0.7616,0.9874,5.6488,-4.8291,3.0939,1.5075
829.3719,0.079,-1.0804,0.183,-0.2882,-0.4237,-0.387,-5.3243,5.3746,-0.9923,1.5493
1005.261,2.0521,0.2339,-0.6271,-1.706,0.6253,1.0709,3.8044,3.1578,-2.664,7.3078
1089.6546,-0.4363,1.4548,-1.0685,1.0481,1.9359,0.0935,5.293,9.8419,2.2697,-4.189
1083.4329,1.8846,1.221,-0.4888,1.5432,-0.2265,1.4718,-9.4648,-5.3511,2.5432,5.0883
991.0214,-2.343,-0.5674,-0.1981,-0.614,2.0222,-1.4848,1.6525,-0.0589,-11.7598,-2.9325
1258.0216,1.0115,1.9542,-0.7425,1.3415,-1.0589,1.048,-3.1454,2.6389,-5.6025,-4.7167
983.452,1.2777,-0.829,0.5471,-0.5916,0.7473,0.4032,0.0029,3.8428,4.7644,3.5998
930.4331,0.0305,0.2409,-0.653,-0.8973,0.369,0.2316,1.9861,-0.9541,0.1163,7.3898
1188.6832,0.8302,0.4212,0.2202,0.3728,0.5343,0.3979,-2.443,-6.1332,-1.6813,13.9347
1091.5702,1.0248,-1.0188,-0.9988,1.1686,-0.4553,0.3231,-4.0381,4.0532,-5.7382,-3.8331
1040.7003,0.5515,0.8188,0.3907,0.3406,-1.1225,0.5224,0.1151,2.6882,-5.1272,4.5123
1096.5924,0.6523,1.6839,1.4765,-1.5764,1.0787,0.7332,-4.5467,-4.6199,-9.2253,-2.2216
818.7812,-0.7202,1.0108,-0.0413,-1.1257,-1.2445,-0.0106,-5.0855,7.227,-1.0452,3.2092
744.6347,0.6123,-3.8367,-1.0777,-1.5594,-0.5404,-0.825,3.8811,5.0495,-3.4388,-7.7509
964.712,1.8688,-2.392,0.2766,0.4197,-0.0056,0.1568,-5.7752,1.85,-4.313,-7.6873
980.3231,-0.7974,-0.4489,0.2253,1.0745,0.0968,-0.5264,3.0735,-1.2168,0.0213,-5.3249
915.3525,0.2578,1.5164,0.3342,-1.2418,0.072,0.5453,2.7214,2.5581,1.8973,-0.5571
945.2947,0.8389,-0.3207,-0.5583,-0.6173,0.2301,0.3346,-8.5422,-3.8108,10.8876,-2.5395
996.2809,0.5019,-1.7011,0.315,-0.0288,0.2645,-0.1932,-3.3314,0.2139,-7.8522,3.0784
859.5746,0.5364,-0.0528,-0.8384,-1.6711,0.0689,0.411,6.375,-10.8945,4.4844,6.3115
971.8714,-0.0347,-1.9188,1.1428,-1.1687,0.0602,-0.7168,-4.231,6.8455,5.1671,2.8055
1206.1418,0.2291,0.2328,0.2243,1.0743,-2.1899,0.3977,-2.678,-6.6129,-3.8438,9.0523
1224.7547,1.0752,-0.775,0.8634,1.0473,1.9669,0.1099,2.0357,7.478,-0.0403,3.3288
1116.0543,0.1145,0.8628,0.8268,-0.1085,-0.2818,0.3009,3.9313,-2.2875,-3.708,-4.5419
1078.1636,-0.107,-1.2325,-1.7472,1.9422,0.4573,-0.3644,-2.139,1.0399,1.5196,6.6788
1220.2932,-1.1808,2.4126,0.7154,1.1143,-0.0193,0.1615,-3.2891,-3.4016,8.0928,-3.0033
922.7084,-1.3958,-0.5247,-0.724,0.5913,1.2961,-0.9176,6.5744,-2.5474,2.8767,4.1866
933.1031,-1.6611,0.6814,-2.0634,0.5033,0.7547,-0.6469,8.1697,7.2921,1.8975,8.3417
940.6674,-1.237,0.2275,0.5219,-1.3205,-1.6075,-0.5995,5.6441,-12.2544,-1.3697,2.5433
848.7944,-1.2931,-0.7069,0.4506,0.5724,1.6495,-0.9176,0.3444,7.4554,-7.0589,-8.2104
1199.763,0.3128,0.6586,1.3978,0.5738,0.9954,0.439,-3.85,2.2657,-1.5052,-4.8861
1238.2577,0.4168,0.9642,-0.0231,1.1671,-1.7292,0.5333,-4.4988,-4.0822,5.2842,6.5526
1023.3429,-1.5315,-1.1878,-0.2053,1.1503,0.5344,-1.1914,2.2165,-5.2855,-7.6296,-1.6972
839.0589,-1.3016,0.3099,-0.1249,-1.853,-0.4146,-0.4679,2.7148,7.3868,-3.474,0.9476
1022.267,0.7834,-1.7258,-0.5975,-0.2515,1.1941,-0.0953,6.9349,-5.7087,1.0934,3.3297
880.0398,1.0948,-0.8258,-0.5266,-0.806,1.9334,0.3809,3.4155,-5.51,-3.8926,3.4701
913.5058,1.0074,-0.4179,0.1847,-1.2549,-1.0709,0.4413,-7.0698,7.598,-3.7731,0.1135
861.9951,-0.5924,0.9262,0.0485,-0.864,-1.3986,-0.1012,5.4618,2.2557,-2.6051,-1.694
999.4509,0.8525,-1.0702,1.4521,-1.2292,-0.8963,0.0492,-4.2319,-4.4703,-7.3987,-0.7715
1014.7873,0.4171,-0.3218,0.5711,-0.9846,1.9127,0.1868,-1.5277,-0.2417,-4.1134,6.2732
1086.0298,0.02,0.2128,3.3774,-0.3998,-0.1739,0.1349,1.9709,-3.7902,2.1675,2.0627
912.5201,-0.5043,-0.2158,-1.7654,-0.6078,1.4698,-0.319,9.8613,4.8818,-5.2087,-3.1268
1116.3069,-0.9274,0.0031,-0.6343,1.2884,0.2378,-0.451,14.9464,5.7865,-7.7576,4.9783
1133.817,-0.9896,-0.7905,0.0557,-0.1258,1.882,-0.6042,3.0853,4.0055,-3.6613,0.948
960.2863,2.9273,0.3583,-0.9215,-0.9944,-1.4935,1.512,-0.8029,-0.3156,3.1146,-3.5373
983.3508,-0.5914,2.3674,-1.1145,1.5552,-1.2909,0.4692,2.0917,8.399,-0.4208,-3.7808
1158.1972,-0.1957,0.2402,-0.0515,1.0601,0.7899,-0.046,4.1574,0.968,-3.7122,-4.5668
1009.1345,0.1386,0.5189,-0.8683,-1.0861,0.0016,0.2032,-1.4537,-5.4946,-0.0633,0.2423
912.3064,-0.5259,-1.1533,0.4005,0.1778,-1.7939,-0.4991,9.0846,0.8919,-6.7753,5.4596
998.6483,0.6705,0.3267,-1.5538,-1.0719,0.6222,0.5158,1.3002,9.2914,2.3978,-2.9864
1083.9324,0.002,0.9541,-1.345,1.5329,2.202,0.3686,1.8156,-5.4299,1.5007,1.052
1201.9802,0.0796,1.5737,0.6963,0.7588,-1.4962,0.6425,3.2423,-2.7255,-2.2157,-1.9607
1216.2995,2.5988,1.3142,0.6938,-1.7241,-1.026,1.6958,2.6327,2.6895,4.9994,0.1663
1110.0839,-0.0366,2.943,0.018,-1.7378,2.3693,0.9328,4.6131,1.1259,-5.3361,-7.3084
1026.4568,-0.8915,-0.0629,-0.6507,0.0697,0.6581,-0.4957,-3.2678,-5.3068,7.1048,0.4903
1000.6283,0.6909,1.3182,0.139,-0.4448,-0.4433,0.7733,-2.6912,5.3207,0.8566,-1.0831
968.3018,1.0401,0.8913,-0.2278,-1.0189,-0.2904,0.7744,-5.2594,12.0443,-1.0803,3.5172
920.2697,-1.935,-0.22,-2.3675,-0.1494,0.1026,-1.0238,1.7745,0.6829,-0.487,1.7496
1142.7098,-1.1106,1.2461,0.9357,1.7523,-0.3427,-0.1219,3.6091,-4.8918,-1.3141,-7.3995
1051.9346,-0.4365,0.1886,0.2952,1.0717,-1.0356,-0.2435,2.0194,-6.8637,6.7961,5.4683
896.3813,0.4969,0.9956,-1.1997,1.0698,-1.638,0.7563,7.8602,-0.4965,-4.8007,0.4295
957.3129,0.5009,0.2705,0.0993,-0.9776,-0.2389,0.231,0.2916,4.6118,-3.0572,0.4152
1017.6848,1.0877,-1.0455,0.2731,0.6916,-0.6245,0.1088,2.9933,3.1228,5.8716,-0.0144
1072.9975,-1.5566,-0.0469,1.5008,-0.4281,0.0768,-0.6766,-5.1239,-1.295,-3.4714,-1.5925
903.0668,-0.4162,-0.0455,-0.45,-1.1301,-0.5698,-0.1426,-1.7009,-2.6168,5.2532,-0.4282
1061.4862,1.0303,-0.3487,-0.259,0.2388,-0.3216,0.473,3.2333,-3.3841,8.9272,2.7599
959.8498,-1.8385,-0.429,-0.3678,0.8981,1.3,-0.9851,3.9625,5.1341,-0.9258,-10.5287
1108.965,0.7251,-0.9717,-0.6415,0.5162,-0.6267,0.0698,-1.5999,5.4313,3.9199,-1.7407
988.3988,-1.4213,-0.3842,-2.509,1.7523,2.586,-0.9157,-1.2636,-7.3096,-4.6307,-0.6615
930.2956,0.2935,-0.0366,-0.3267,0.2494,1.0902,0.1434,-7.7509,7.2011,3.7524,-0.6865
1123.0565,0.0945,-1.3324,2.6669,1.8061,-1.465,-0.4202,-1.6445,2.2019,-0.7572,4.9685
1025.3392,1.7829,1.7449,-2.379,-0.2473,0.2172,1.5124,4.0652,6.5332,2.8337,-5.0359
1027.9796,1.7549,0.3175,0.2253,0.0184,-0.0934,0.958,2.8818,-7.24,-2.9063,-4.0043
1036.6754,-0.3438,-0.7067,-0.4995,0.1215,-0.0702,-0.4664,2.3057,-7.1162,-9.0469,-2.1275
970.7281,0.1019,0.4385,-1.2391,1.549,0.6729,0.1503,-0.4939,-0.153,1.9427,-4.3617
959.1996,-1.9047,-0.2364,-1.2277,1.4444,-1.1032,-0.982,-0.6824,3.3345,-10.737,-1.5516
959.8643,0.9141,0.0064,1.6159,-0.987,-2.0446,0.4026,-2.6653,8.4028,-0.7985,4.9101
996.9497,0.8155,-0.327,-0.1832,-0.0481,0.4962,0.2274,3.488,2.9951,6.6411,-4.7577
1004.3093,1.8862,-1.4154,0.2576,0.1746,-0.3427,0.5429,2.1043,-2.0157,1.3635,1.9778
871.3073,1.2551,-0.9512,-1.2681,-0.4977,-1.0069,0.3667,2.3995,-5.084,8.2477,-9.0737
997.7811,1.2637,-1.9123,0.5435,-0.8463,-1.3683,0.0075,-2.1485,8.1373,5.2313,-1.8953
1256.0192,0.1017,-0.033,-0.3128,1.498,-0.1724,-0.0061,-11.1837,-4.1088,-2.699,-0.3696
1012.2045,-1.0402,0.1135,1.4488,0.6988,0.9199,-0.4629,5.4174,9.1613,-0.4796,7.7801
1219.5544,1.2172,-0.2389,0.9983,1.5213,-0.3918,0.3921,-2.9063,-2.3443,-0.5592,0.2414
802.3245,0.2413,0.4149,0.3863,-1.151,0.0435,0.1044,-3.7979,8.511,-8.2075,-13.5358
936.4806,-0.6466,-0.1279,1.6871,-1.0815,-1.6064,-0.4335,3.9926,3.5981,-6.1242,-10.7508
862.2772,-0.4965,-0.3919,0.2678,-1.1535,-1.0274,-0.3872,-1.5829,-1.0582,-1.8756,0.8147
1017.7206,0.2241,0.5193,0.0977,0.0126,-0.1088,0.2989,5.1984,-2.1953,-10.5823,3.759
967.7465,-0.8783,-1.3569,0.4807,0.0999,0.5519,-0.6987,2.971,-1.0243,-0.5239,-0.0595
895.9176,-2.2029,1.617,0.2469,-0.2206,1.1434,-0.5306,3.5875,2.3264,-3.2157,1.09
1206.9966,0.0139,1.849,0.1981,-0.0241,-0.2689,0.5457,-6.707,-0.7207,-8.3053,8.3847
1113.196,0.682,-0.2177,0.3242,-0.3103,0.8254,0.2738,6.16,-2.1555,2.0421,-1.3925
1108.7512,1.3925,-0.6462,0.2887,-0.25,-1.1936,0.4021,1.1799,0.091,2.9087,5.4751
1052.2408,1.8979,0.2722,1.0852,-0.1138,0.5481,1.0288,-1.6498,-0.9466,1.0192,-8.9025
1070.1629,-0.323,-0.6057,-0.4214,-0.3672,-1.181,-0.3721,0.782,-11.7954,-2.4809,-2.4134
1093.0533,2.4599,-1.4767,-0.8643,0.7815,-0.5321,0.8192,-9.4364,1.9023,3.3353,-10.1591
1022.2077,-0.0196,0.1054,0.2239,0.5525,-0.6014,-0.0609,1.9406,-4.5788,3.8416,-2.9672
1014.0657,-1.2947,0.7717,-0.4677,1.1608,1.1488,-0.3639,-5.5902,-7.5064,0.4173,-0.5937
1091.6446,0.3427,-0.2412,0.5698,0.4568,-1.2515,0.2523,-6.7285,-6.993,-3.0058,0.4884
982.4721,0.6713,0.3286,-0.6275,0.746,0.7832,0.4234,-7.9492,-9.5383,1.2573,1.718
1158.1577,-0.3689,0.2187,-0.918,0.2138,-0.2006,-0.0787,5.2184,-6.4097,4.0224,-3.5973
988.5521,1.4196,-0.3583,-1.8665,-0.6004,0.7442,0.6713,-3.2198,-3.7263,-1.6618,-1.6006
1209.8887,-1.3776,-0.7096,1.0214,-0.5648,-0.217,-0.9418,8.0265,9.4578,10.9227,-5.0605
994.4151,-0.8002,-1.7582,-0.3816,-0.5527,-0.9722,-0.9052,-2.5923,-2.5498,-4.3676,8.2503
1022.4296,0.5709,-2.192,0.5705,-0.8144,0.6816,-0.3709,-8.2717,0.9029,0.2264,-0.9126
1077.0327,0.2167,0.168,-0.2189,-0.3034,0.5008,0.1685,-5.5797,1.1239,-4,-1.702
959.1412,1.52,1.1037,0.7598,-2.1358,-0.0634,1.0138,6.8833,1.1381,0.7829,9.0283
948.7845,-0.0185,0.3109,0.3227,-0.2887,0.8577,0.0865,-0.6456,-0.5472,-9.7136,-6.2302
1187.0191,2.3193,1.0913,0.192,0.3933,-1.0923,1.5369,-2.6499,-6.2929,-2.5885,-4.4148
1169.2131,2.4034,-0.1907,0.2011,-0.0576,0.8701,1.2896,0.7204,7.7503,-5.0956,-5.3307
971.2713,-0.4323,-0.9259,-1.1695,1.2727,-0.1437,-0.398,1.7318,8.8709,0.7524,-0.3076
918.8723,-1.2629,0.6972,0.1072,-1.2295,-1.1566,-0.2069,6.1244,-7.1321,5.1277,3.3746
1084.6776,-0.057,-0.686,0.3418,1.184,0.1071,-0.3111,6.9347,-5.4653,2.617,4.3863
1188.7955,1.1017,-0.8023,-1.6063,0.492,-0.8031,0.3974,-2.3346,-2.1309,-11.0138,15.5819
1224.4448,0.6821,0.4914,-0.2225,0.1262,0.1955,0.5068,-6.6086,-4.9215,7.6781,-10.8112
978.169,-0.8052,0.3954,-2.1697,1.0768,-0.5893,-0.065,-2.8849,2.0712,3.1538,3.9004
1077.3747,1.3138,0.3421,-0.868,-0.0155,-1.5256,0.6787,1.315,-4.7955,-3.6182,-1.9305
975.0608,-0.5555,-1.3717,-1.2021,0.2044,-0.2885,-0.7732,-5.0527,10.0415,-0.0711,-1.1971
865.3948,0.4413,0.0125,0.229,-0.7332,-1.6686,0.1645,-4.5688,7.0115,1.6529,-3.2717
1132.8256,-2.5303,-1.9793,1.101,-0.286,-1.0727,-2.0713,2.2407,1.3021,-4.2536,-2.4698
1097.2068,0.4521,1.8884,0.0292,-0.356,0.6976,0.74,-0.1912,4.2988,-0.3133,8.7306
918.955,2.3378,-0.5879,0.5342,-0.8608,-1.1334,0.9166,0.6033,5.8794,-1.9745,3.3161
972.3811,-0.1005,-1.0402,0.4106,-0.0574,-1.8211,-0.3473,-3.6632,-3.4174,-1.4375,0.4862
866.9786,-0.9365,-0.6373,0.2922,-0.6678,-2.087,-0.6253,-0.7631,-4.6657,-4.3411,6.724
1023.6779,-0.6672,-0.4536,1.0961,-0.733,-0.8873,-0.2821,-4.0259,1.1625,-5.9018,-7.2064
831.2006,-0.9103,-0.949,-0.3756,0.6952,-2.3505,-0.6448,4.1705,5.981,0.6026,-7.5175
979.8813,-1.1889,1.0296,0.1756,0.4418,0.9538,-0.3433,5.0035,2.8671,2.1071,-11.8122
941.7823,-0.0383,-2.3961,1.1068,0.8188,-0.4806,-0.8278,-9.2092,-9.7599,0.5936,-4.6545
981.7359,0.7762,1.7649,1.2372,-0.4839,0.0912,0.9668,-4.3227,-3.2259,5.6024,-0.9721
1185.3654,-0.2487,0.3074,0.491,1.6073,0.8605,-0.1641,-7.6653,-0.9529,1.9043,0.3472
865.0275,-0.3899,-0.6065,-0.0966,0.1581,-0.4591,-0.1938,-3.3032,-1.0729,-4.4155,-0.4077
1173.1591,-2.2186,0.6083,1.4955,2.4188,-0.1746,-0.8089,-0.8803,11.2229,5.0479,-7.245
870.8508,0.1525,-0.0757,2.2143,-1.5515,-0.6584,0.0066,-6.3214,-7.5244,-7.3648,4.4939
1128.9469,-2.0841,0.1413,-0.2874,1.7247,0.7682,-1.171,-5.3189,2.7433,-0.5771,1.7064
841.2785,1.3898,-0.5697,-1.0034,-1.3452,2.6379,0.6594,-4.9141,7.7474,-7.0263,3.2789
1052.9187,-0.1991,1.4152,0.3328,0.1848,-0.1453,0.3136,1.1675,11.7046,5.2531,-10.4518
1038.4075,0.0031,1.0965,0.9827,1.23,1.5345,0.4543,0.1086,-0.8996,5.2573,1.0977
667.098,-1.9645,0.4417,-0.0024,-1.4811,-0.8374,-1.0092,-3.2695,0.3503,2.6151,-7.3628
872.6604,-1.4705,1.2908,-0.7759,-1.2628,-1.1997,-0.408,1.1614,3.5477,6.143,-2.3964
940.0237,-0.951,0.5789,-0.5166,0.6959,1.5404,-0.3013,-2.9269,2.2328,-3.5761,1.9861
937.297,1.5374,-0.9396,-2.4875,1.4141,0.6181,0.4915,-2.2081,-0.1477,0.2132,-0.553
1012.4729,1.728,-0.7597,-1.2859,-0.4693,1.0596,0.5911,8.3505,1.6246,0.1383,-3.2197
1062.5836,-0.7271,0.7078,-0.0744,-0.2475,0.6324,-0.089,6.686,-11.6887,2.6642,0.6532
1041.367,-2.4388,0.8509,1.4227,-0.1343,0.3905,-1.0709,-6.3153,3.3071,-1.1589,-7.3923
1021.2662,-1.6077,0.9873,2.0236,0.1847,-0.3198,-0.5219,4.6481,0.7826,0.1648,4.9162
725.3128,0.087,0.3614,0.0918,-0.299,-0.0358,0.164,4.1328,0.4523,3.5264,-3.6462
1132.6566,-0.6514,1.3174,-0.3203,-0.4839,2.0753,0.121,-5.6853,9.5451,4.5788,7.3287
912.2548,-0.9062,1.3106,0.3137,0.142,-1.2566,0.0112,4.2469,-2.0855,-2.741,-2.9508
1034.6867,0.874,1.9836,0.183,0.0784,0.3866,0.9196,7.7583,-0.6561,-0.962,-2.765
1060.6538,-1.0904,-0.1313,-0.0986,1.4109,-0.2249,-0.738,-6.0101,9.3078,-4.8503,-3.6523
1142.8376,-0.3559,-1.0887,0.0683,1.6479,0.5629,-0.3768,-4.8517,-4.298,-13.6645,5.1611
1100.2451,-0.8392,0.3241,0.3313,-0.3092,-0.6769,-0.2892,5.183,-2.1389,1.9336,-2.5162
731.7853,-1.8362,0.1335,-1.1034,0.508,0.7081,-0.9529,1.0772,0.2216,1.7133,2.437
1099.0973,-0.3161,0.9317,0.4392,0.3143,-0.3127,0.2766,2.7566,3.4077,1.6245,-2.1612
888.8821,-1.7006,0.3418,-0.1945,-0.7347,-2.5208,-0.7362,1.9113,1.1878,-10.7248,-10.0937
1089.4101,-0.3391,0.5964,-0.1237,0.3701,-0.236,0.1273,1.9706,-5.7189,-1.4874,-2.43
1123.9433,0.2892,-0.0495,-0.6377,2.4553,-1.1227,0.1365,-7.4457,-2.2784,-10.5993,-5.7291
1061.0425,-0.4118,1.6957,-0.4545,0.1319,0.1567,0.5089,5.1599,-2.0132,5.5118,0.3448
787.7731,-2.1771,-0.7147,1.4289,0.1785,0.3217,-1.1274,6.1874,-0.218,-5.6118,-6.9472
1137.0665,0.3278,-0.3204,-0.8109,0.9525,-0.94,0.0429,-1.6314,2.6059,6.1795,6.3458
1155.1386,1.5134,-1.1417,-1.0242,0.6308,-0.7168,0.5114,-0.6954,0.2245,4.6076,-0.5381
936.3787,1.1186,-0.7459,-0.1793,0.013,0.7534,0.4001,-7.7998,-9.4946,-5.1146,-1.7443
883.7296,0.291,0.1072,-0.5139,-0.507,-0.1753,0.3145,2.424,5.719,-5.1596,3.6399
1052.9168,1.0302,-0.6305,-0.4048,-0.38,-0.7801,0.2295,3.099,1.9981,1.2915,4.2604
1097.2724,-0.0827,0.9475,0.3591,1.1362,-0.6184,0.3115,-0.6903,6.1278,-4.0676,-2.1728
1214.4471,-0.7718,0.9938,0.2275,1.6095,-0.8524,0.0181,5.1623,2.6964,0.0382,-3.2235
978.3926,-0.9551,0.4847,2.0625,0.4236,-0.6435,-0.508,-1.4126,6.5366,-2.8178,-9.2046
954.0108,0.067,-0.0214,-1.5625,0.5159,-2.4242,-0.0912,2.3865,3.2168,-9.1871,-2.6934
855.497,0.8869,-0.1275,-2.6042,-0.4208,-1.4512,0.2013,-5.4114,6.719,-10.7887,-4.3385
1016.6712,-0.9561,0.0219,-1.4073,2.3176,0.81,-0.4984,-1.0085,1.8864,1.259,0.5893
1069.357,-1.0537,-0.2235,0.9503,-1.0678,-0.0194,-0.5221,-0.4197,-0.7928,-4.4241,-0.9258
1067.2702,-0.1152,0.4873,0.5409,-0.3849,-0.8793,0.2388,1.3335,11.7108,-1.9186,3.3145
750.5297,0.0341,-0.3791,0.2338,-0.77,-0.5817,-0.0893,-1.5416,3.4304,2.2554,-3.7142
1262.2878,0.185,0.3624,-0.8632,2.4016,0.1822,0.3641,-1.5753,3.7606,5.1873,-1.5122
931.8812,-2.0653,0.3144,-0.2832,2.1216,0.7298,-1.0763,3.5979,-7.3125,-0.6759,5.963
1241.5375,0.256,0.1958,1.6655,0.9827,0.4083,0.0164,-2.0964,-8.1441,-1.2304,2.7383
1162.0946,1.227,-0.9667,1.2446,-1.5806,0.1029,0.318,-7.2363,-0.8505,2.9425,1.3733
1164.3249,-0.6882,-0.9914,0.9818,2.2524,-0.639,-0.6031,8.3348,-0.5955,-5.7749,-1.3677
1014.9484,0.769,0.5881,-0.0051,-0.5274,0.9459,0.5577,7.1818,-1.997,0.8179,-3.797
1173.7631,-0.1081,-0.0162,0.6853,1.1121,0.3974,-0.2657,-6.6398,-0.0425,1.3566,-4.5336
1226.8073,0.5056,-1.577,2.2714,1.4891,-0.074,-0.2292,3.3264,7.8675,2.0152,-0.7325
960.4457,0.8482,-1.1756,0.5523,-1.2325,0.5972,-0.059,-1.9947,2.5287,-11.0509,4.2415
1080.4007,1.8961,0.0586,-1.1095,-1.3608,-0.3199,1.0326,1.4387,-4.3142,-3.8277,-0.7906
1287.3382,0.5766,-0.2751,3.0789,0.3113,-1.5152,0.2424,1.9407,0.8093,-4.6404,-5.1039
1025.2911,0.3735,-2.3784,-0.591,1.4554,0.3654,-0.6208,-1.6682,-4.064,-1.5501,8.1863
918.4182,-0.5125,-0.5388,-0.3472,-0.8015,0.2562,-0.4693,-3.624,-0.7452,1.9058,0.8281
827.4358,1.0715,0.2495,-1.9656,-1.5065,2.4922,0.5047,-3.3917,-2.3432,7.6001,-7.3525
1015.8479,0.1764,0.2006,-0.8276,-0.367,-1.0158,0.1421,-4.6055,-2.3265,-1.7817,-1.7804
1029.0331,-0.8988,0.1059,-0.1891,-1.3303,1.9764,-0.3221,-3.6276,-7.8399,-2.3835,2.1716
730.8407,-0.2645,-1.6076,0.6354,-2.0039,-0.7691,-0.7131,0.4164,-1.5782,5.5545,9.3524
1011.7701,1.0417,-1.818,-0.1295,0.5835,-0.0945,0.0259,-3.5196,-2.3834,2.7623,-6.4044
1086.7647,0.7814,-0.1735,1.0455,0.0524,-0.6258,0.2856,3.6602,-14.4173,5.606,5.658
1063.3742,-1.0056,1.3932,-0.5376,0.3602,0.8728,-0.1641,7.0446,9.2987,1.1432,6.918
986.0663,0.2684,-1.1069,-0.8282,0.251,-0.5472,-0.2086,-3.0659,4.1925,-6.0242,-3.5743
1098.856,-0.4576,2.0932,1.5091,0.1857,1.1594,0.2956,1.4813,-0.9084,-6.4624,-2.1667
1014.7644,0.4693,0.6791,0.7568,-1.5356,-0.3294,0.383,3.2394,0.826,-7.4414,-4.8465
1230.982,1.419,0.7094,0.7298,0.2934,-0.6312,0.8026,2.4853,-5.2588,2.5004,-0.6316
1082.1128,0.6255,-0.8184,-0.5924,0.8852,0.4999,0.2637,-0.0181,7.0793,3.843,0.1847
1310.6209,0.013,-0.8895,-0.2647,1.4535,-0.0771,-0.2568,3.102,9.8276,10.074,3.5749
910.9527,0.8407,-0.6749,-1.2926,0.2078,1.9916,0.1479,2.0695,-0.0486,4.0685,4.9008
868.6234,-1.3645,-0.386,0.8097,-0.9283,0.2496,-0.7766,-5.833,2.6769,5.6084,-3.9248
919.7707,-0.4578,0.858,-0.3706,-0.1594,-2.0185,0.0172,4.2614,1.0215,-3.0221,-9.0434
929.377,1.0525,1.6642,0.2473,-1.8429,-0.4906,1.0034,5.0976,-6.9664,-7.4869,-1.2271
1069.6758,-0.9864,-0.3171,2.1563,0.5168,0.5712,-0.5269,-3.3732,-0.6685,4.3538,1.9377
1061.7886,-0.0566,1.2005,-1.9511,1.219,-1.9671,0.4076,-0.5268,-0.4575,2.3984,1.0612
957.7505,0.9515,-0.0892,0.4735,-1.0212,-1.7312,0.396,3.6981,-0.7778,0.9802,-1.592
1002.3578,-2.2456,0.9481,1.9186,0.1954,-1.2365,-0.8959,-0.677,0.1812,3.6672,0.5284
1021.7106,-0.5955,-0.0199,1.6994,0.9005,1.2203,-0.3312,5.5543,-1.5337,2.6522,6.8147
1048.7313,-0.255,-0.5737,-2.651,1.504,-0.0328,-0.5298,10.777,-0.9478,6.5255,1.1958
823.9835,-0.9282,-0.4503,0.3553,1.2434,0.2239,-0.7507,-4.2453,-1.6852,8.0141,-2.9848
935.9075,-2.6969,-0.3358,-0.2309,-0.0543,-0.2596,-1.3125,-6.9337,-6.8062,2.4484,-2.7467
1010.7547,1.6764,1.4185,-1.1534,-0.9455,1.277,1.4283,1.4936,-3.2471,3.1537,-2.0563
900.1039,0.8305,0.2873,-1.7794,-0.9058,-0.5983,0.4765,3.5885,-7.2917,2.5378,8.7972
870.66,0.0143,-0.6846,-0.407,-0.9539,-1.9701,-0.1406,-0.9617,5.7817,-1.5751,-2.1277
676.3421,-0.3715,-0.4458,-0.9809,-1.776,0.5259,-0.2883,7.6449,-10.2843,3.3901,-1.2919
940.266,-0.9958,-1.0139,0.8585,0.6511,-0.9254,-0.4942,-6.8054,6.0233,-7.3806,-3.3069
1026.6863,0.5955,-1.0986,-0.1322,-0.5899,-0.1135,0.0801,3.5714,7.1533,4.2375,6.7297
937.69,-0.4125,-0.9658,-1.627,-0.7387,-0.4668,-0.5088,-3.0609,-2.9939,-7.1064,8.9815
1083.7855,-0.9993,1.3171,0.8406,-0.5048,-2.1219,-0.2001,8.8792,-13.6235,1.4061,3.5501
1113.499,0.9752,-0.1044,0.1896,0.5011,0.0701,0.2956,10.0229,-0.6447,-3.9874,-0.5135
765.1186,1.4855,0.6229,-0.2207,-2.0474,-0.787,0.95,-3.3032,-1.2992,3.0068,-0.3227
1216.9844,0.6964,0.7784,0.0884,0.9553,-0.8182,0.5061,-2.9942,-5.0564,-0.6229,-12.0917
1133.9532,1.5034,0.7858,-0.221,0.8774,-0.967,0.8452,4.0838,-2.6238,-9.1321,3.7222
1120.3786,-0.7957,-0.0022,1.0272,1.7465,-1.2591,-0.4632,-2.396,6.6457,2.4701,-0.0523
916.5495,-0.0273,-0.0153,-0.4433,-0.9333,0.1196,-0.1264,-0.2118,2.3516,-3.0481,3.3383
1048.9074,-1.2804,-0.5227,-2.0819,1.7548,-0.7043,-0.6283,-0.9684,-6.0313,5.0117,-5.1139
1060.5416,-1.4218,-1.0469,-0.3227,1.5013,1.1857,-0.9368,-9.987,-7.269,-0.7502,-0.9262
796.2086,-1.9847,-0.6974,0.4404,-0.2671,-0.5289,-1.2024,0.0438,-0.8575,2.2122,-3.5139
1089.8275,-0.2844,0.7061,0.6789,1.5906,-1.0264,0.2176,-3.5342,0.1627,-3.1594,4.1434
1072.2656,0.4094,-0.5532,0.1134,-0.2767,-0.7539,0.0465,-2.4164,2.8636,-4.6894,-0.7689
988.1895,0.5704,-0.0453,-0.5187,-0.3314,1.391,0.1855,7.2323,-4.0326,-3.3355,10.2175
769.3672,-0.4523,0.1281,-1.5839,-2.4239,0.8406,-0.0354,-5.7179,1.9049,2.394,1.7081
986.4009,1.3204,0.7565,0.6276,-0.8744,0.6595,0.941,4.6545,8.8718,8.1391,-6.0711
1061.6655,1.316,0.2183,-0.1871,-0.5388,-0.7179,0.6198,-1.0644,4.8734,-3.7359,0.0117
934.801,-0.579,0.5771,-0.4487,-0.8964,0.1552,-0.1354,-1.0988,-0.6387,5.5356,-3.1408
890.1361,0.2589,-1.0469,0.5949,-1.0658,-1.2847,-0.2722,4.493,-1.2468,-10.9146,-10.5172
1052.0244,-0.1243,-0.5741,0.7466,-0.2114,1.0339,-0.3727,1.9722,-2.1908,-5.8475,8.9053
709.4701,0.0852,0.9966,-0.1869,-2.9911,0.6405,0.4342,3.7909,5.7127,-5.9416,3.8398
1094.5271,-0.5168,1.2334,1.392,0.619,-0.3879,0.3025,4.8785,-1.8305,-8.1753,2.1745
763.0701,1.351,-0.5864,-1.3307,-1.5125,-0.9088,0.3597,-1.5507,1.9106,-7.8947,1.6693
914.9753,-0.4174,-1.187,0.3483,0.3441,-0.5891,-0.5085,-3.0951,-0.6796,1.1522,-7.088
685.514,-0.1761,-0.0702,1.6713,-2.8995,-0.152,-0.1742,-4.2386,-1.4488,-1.4583,-3.3118
914.0785,2.3456,0.5105,-0.1038,-1.4001,0.5304,1.2773,-3.7731,-6.9819,2.8027,4.1743
641.6548,0.2621,-0.6683,-0.3508,-1.9496,-1.0584,-0.1287,15.3298,-0.8832,4.0613,-5.0556
1163.2483,-0.2309,1.073,-1.3386,1.4533,-0.786,0.1201,5.6152,-1.6861,2.0496,-12.355
815.8998,-1.5714,-1.3641,-2.2858,-0.9324,0.5009,-1.1901,-6.924,1.5189,4.5128,0.4698
773.9536,0.8232,-1.6925,-1.29,0.0733,-0.158,-0.1792,-6.7445,-3.0949,-2.0025,-1.7209
943.6322,0.2396,-0.6994,-1.8928,0.7331,0.1029,-0.063,1.6967,6.2534,-5.1318,-0.7332
970.7043,-0.5998,-0.102,0.8194,-1.5588,0.7509,-0.3355,3.3485,-3.7294,5.2758,4.6147
1074.0373,0.5062,-0.3972,0.5681,1.4473,0.3476,0.1101,2.3522,8.6469,-2.754,3.5437
949.2889,-0.1315,0.5646,-0.4368,0.826,-0.0236,0.0129,-1.7966,-8.9125,-5.0475,1.5192
1148.8145,1.5792,0.4967,-0.4695,0.7674,0.6477,0.8809,-0.9597,3.6969,-1.1237,5.7435
1263.3465,2.0355,-0.1074,-0.1311,1.9921,-0.1417,1.0611,1.0034,2.6795,-4.9681,-6.2193
1024.3923,-1.6178,-0.6355,-0.8174,0.3808,0.3604,-0.9495,0.3031,-4.8884,-3.0672,3.794
897.4817,1.6743,-0.9126,-1.0127,-0.9009,0.8453,0.4656,-10.9657,2.7258,1.1785,4.648
1098.801,1.6777,-0.5575,0.569,-0.5536,-0.0883,0.6815,-0.9715,8.9773,3.3808,-7.0015
1028.9979,-0.702,0.1252,-1.4026,-0.6629,0.1223,-0.2383,-4.1533,-10.5408,-4.4486,-7.4655
1028.7926,0.5265,-0.0604,-0.6498,-0.4774,0.0861,0.0782,1.0114,1.7668,-2.6557,-2.7395
1033.8937,0.9973,0.108,-0.0664,1.1819,0.958,0.5854,14.6166,-11.8028,5.7531,-4.3338
1091.7991,0.1573,0.9338,-2.0721,0.9765,2.3056,0.2926,1.1074,-5.8439,1.1705,4.5897
915.0591,-1.6103,-0.376,-1.082,0.7532,-0.4894,-0.8609,-2.106,5.4005,9.5298,-2.6677
1000.6822,2.9491,0.5706,-1.3511,1.2447,-0.3313,1.5694,3.9282,-3.5211,5.0752,-5.3669
881.7906,-0.5178,0.2233,0.4756,0.2178,1.0842,-0.3724,2.5521,-5.6591,5.7123,-2.8598
838.5879,-1.0963,-0.2976,1.5945,-1.4401,-0.1501,-0.8002,3.0398,-0.8641,-6.9238,5.4201
864.9876,-0.3425,-2.4883,-0.9627,0.1705,0.4535,-0.913,2.9449,9.3572,4.2662,0.1242
1015.1597,1.0482,2.5054,-0.6003,-0.8382,1.8951,1.3017,10.3652,-9.4216,-0.5712,-2.2687
1071.4121,-0.6735,-1.2439,-0.8353,0.279,-0.7184,-0.8003,-6.0172,-4.3616,-1.5072,-0.845
1164.5457,1.3017,0.6779,0.032,1.5615,2.1573,0.9181,1.9202,6.8814,1.1394,7.2024
899.852,-0.8222,-0.5996,-0.9004,-1.2876,0.8516,-0.7571,-4.6026,8.3788,3.7081,-4.1972
836.7348,-0.8246,-2.9542,-0.7155,-1.0588,-0.6259,-1.3052,2.9844,-1.4954,2.0852,6.6998
1104.0528,-1.3401,3.0769,-0.6814,0.4322,-1.2445,0.1319,-4.8741,-5.9624,-5.4068,0.4445
1134.1325,0.8596,0.6337,1.1396,0.0798,1.6787,0.5547,-1.9295,8.5676,3.488,0.5091
1003.3412,1.0073,-1.7555,-0.8644,0.0234,-0.8857,-0.0183,-1.8148,7.3474,-2.4558,11.4032
869.2114,1.0372,0.0376,-0.244,-0.9105,0.1294,0.4438,5.1548,1.014,1.6994,-7.1079
780.6923,0.0859,0.4819,-0.2298,-2.2193,0.5489,0.1491,5.1588,-4.317,-1.1889,-1.8939
1063.3811,1.0317,0.4097,0.4449,-1.4089,1.493,0.7394,-5.8339,-0.4053,0.3613,-5.5438
867.8186,-0.2848,1.9235,-0.4639,-0.9973,1.0781,0.377,0.1939,-0.888,2.2947,4.6326
734.613,2.1458,2.78,-1.982,-1.5449,-1.3538,1.9905,-3.4836,2.3887,-5.4362,6.3688
1103.5744,0.1034,-0.5859,0.2774,2.0421,1.2528,-0.237,-6.6725,6.8068,7.7571,7.6574
955.7731,-1.1831,-1.27,1.0294,-0.2528,0.6719,-0.9195,-0.6372,4.7813,-8.8559,5.1253
1063.4216,-1.2693,0.2573,-0.1113,1.5362,-0.7494,-0.4133,-2.0712,-5.0491,-1.1716,-1.5332
990.9655,-1.7786,0.4367,-0.5042,0.3197,1.2358,-1.0054,11.8766,5.8114,3.0436,-1.146
925.6236,-0.0806,0.1838,0.9154,-0.8331,0.3498,-0.0648,2.6447,0.5616,1.1453,-8.4513
1046.2942,-0.8783,-0.2381,0.2314,-0.378,-0.9046,-0.4529,-6.8282,4.6081,1.4388,10.8448
1241.1446,0.1094,0.6544,0.481,0.7258,0.28,0.2307,-2.9152,6.2072,-0.1577,4.7906
808.3143,-0.129,-0.2087,-0.759,-0.8517,0.8579,-0.09,5.2872,-5.0043,3.1349,-2.7171
1128.8098,-2.1357,-1.773,1.0561,3.1377,-0.9057,-1.6601,9.8348,-0.8329,0.2191,6.0446
930.6618,-0.0265,0.8004,-0.1631,-0.8819,1.1889,0.2355,-7.708,-1.949,8.0361,-4.5124
806.4405,-0.3301,-0.8617,-0.6277,-0.2117,-2.1524,-0.4391,-9.482,-6.9628,5.7002,0.4716
1156.2322,-0.1374,-2.7032,1.6123,0.9529,-0.6541,-0.7629,9.3036,-0.0971,5.7378,-0.3519
1065.1284,-0.6067,1.2374,1.2001,0.2113,-0.0428,0.0933,2.042,12.6158,-7.0777,4.0418
860.8363,-1.206,2.0024,-2.85,-0.886,0.3602,0.0315,-4.6683,-8.6591,-1.252,-1.3185
1066.977,-0.4485,1.6637,-1.2906,0.2386,0.5874,0.2337,2.3802,1.2528,-2.0036,-6.8072
1187.7762,-1.7131,-0.8984,-0.1145,1.3539,-1.3202,-1.1749,-13.5164,5.0342,-5.4972,1.5573
989.0796,0.7035,-0.1936,-0.276,-0.0778,0.6419,0.2504,-0.0953,0.3451,0.9762,5.462
1052.8934,-1.0919,-0.9078,0.1718,0.8902,0.5108,-0.7788,1.5557,0.4649,-1.8337,-0.8039
903.505,0.2055,1.7257,-0.8003,-0.7756,0.7534,0.5783,4.6669,-6.3963,1.0351,3.2082
980.7472,-0.6525,-0.0743,-0.528,-0.6112,0.5923,-0.3196,-4.9939,1.2632,-4.8348,-5.6181
973.705,-0.2304,-0.9638,0.8902,-0.9242,0.3438,-0.1968,0.809,-3.8325,7.8367,-0.0985
1084.6044,0.759,-0.3411,1.5324,0.4481,0.7332,0.3643,-4.6975,-9.5715,-4.8249,-4.1132
1266.2626,-0.1871,0.0242,1.1874,0.9857,-0.0796,-0.1189,1.3071,6.4253,1.5248,2.6725
1100.4403,-0.9984,-0.0275,0.7661,0.3018,1.6613,-0.3873,-4.3404,4.3348,4.4281,-0.4448
847.6683,-1.688,0.2952,0.5225,-0.6007,-0.8065,-0.7963,-1.7839,-0.2009,-4.3873,3.2742
1019.2833,1.2469,-0.2789,0.9514,-0.062,-0.0489,0.336,-4.7635,-0.2598,5.9664,5.3861
981.7664,0.0122,0.9839,-0.2656,-1.1967,-0.4766,0.2005,3.6132,4.067,-7.7873,2.5645
998.4894,2.1356,0.8197,1.6506,0.282,0.2972,1.1266,4.3815,2.789,7.6742,-0.7584
1132.4636,0.3026,1.1055,-0.0641,-0.7543,0.6387,0.4478,-1.0126,3.3771,-1.0756,-3.3576
950.1232,-0.6287,-0.4418,-1.0363,-0.2775,1.7046,-0.445,0.1466,-2.5955,-1.5826,0.9621
951.4579,-0.248,-0.0016,-0.516,-0.48,0.2489,0.0432,-7.3276,6.1688,-3.2007,-3.0945
1044.4462,0.3418,-0.8397,0.9504,1.8762,-2.1239,-0.0483,-1.8418,1.0782,4.195,-2.4795
1270.0961,-0.4473,0.1133,0.0679,1.281,0.9192,-0.2116,-0.7574,0.3021,-1.8422,0.0006
1165.6871,0.0733,1.4164,0.9672,0.9688,-0.1578,0.5445,13.0534,-6.042,-3.6071,-5.5
1096.8393,-0.9395,-0.3187,-0.2945,1.1192,-0.1233,-0.7865,-5.9581,1.7438,-1.3434,-10.4424
1152.7711,0.0438,-1.1876,0.9639,-0.147,0.6338,-0.3108,7.3962,-3.746,-6.0146,-3.526
1173.642,0.0413,-1.1789,0.3344,1.0372,0.6095,-0.2559,4.8565,-4.7468,9.2035,1.1677
912.5877,1.4336,0.3812,-0.6848,-1.8597,-0.0962,0.6833,1.7507,-3.8179,-4.0815,-6.2041
993.625,1.7459,-0.1417,-0.7532,0.7227,0.7908,0.9448,8.3446,-5.3532,7.1509,-1.6897
1001.9571,-0.017,-0.9936,0.0845,0.505,0.0845,-0.2727,1.746,9.5546,3.372,10.4576
936.1675,-0.4749,-0.7925,1.7655,-0.6533,0.505,-0.5168,2.6097,7.5225,-5.2572,3.915
885.1163,0.5169,0.8622,-0.0223,-0.2215,-1.1512,0.5804,-0.3052,6.7628,0.9269,7.4083
959.4463,-1.151,1.4656,-0.6006,0.3757,0.0675,0.0913,5.8912,-7.5392,4.0309,1.4113
958.3353,-0.3598,-0.1559,-0.4135,-1.326,0.16,-0.2085,5.8403,0.8581,0.5072,6.9549
1170.3723,0.6653,-0.7957,-0.7866,2.2096,-0.2365,0.1188,-3.8793,-7.7791,5.1144,-3.4318
785.7912,0.2071,-0.4512,1.4781,-0.2393,0.2928,-0.0777,-6.2112,-5.3589,4.4707,-4.7911
1002.707,-0.3755,-0.6301,-1.875,0.6995,-0.1099,-0.4618,-1.6364,-4.7747,6.2602,-14.4679
1035.8234,0.0072,0.4081,0.1605,-2.0865,0.4448,0.209,-3.4249,5.3723,-1.9341,6.0801
1173.4812,0.0314,-0.3052,-0.0206,1.6076,-0.3352,-0.1615,-0.7954,-3.3222,-5.6041,8.4453
1044.2071,0.307,-0.391,0.6256,-0.0512,-0.659,0.0434,6.2205,6.6705,-3.9814,-1.9484
1035.162,1.1895,0.3214,0.5974,-1.2276,1.6137,0.6434,-2.0909,3.4741,1.9453,-1.5139
1129.2597,-0.4434,1.2519,1.6129,-0.2703,-0.3632,0.2018,0.2332,11.3018,1.9506,-3.9057
716.2376,1.0888,-0.4776,0.0188,-0.3763,-0.1277,0.4345,0.4972,-7.9578,-8.8049,-1.0162
768.3557,-0.2469,-1.9256,1.7872,-1.926,0.6111,-0.5974,4.9411,5.5297,0.6329,4.6915
677.0769,-0.3265,-0.4283,0.2024,-1.1709,-1.1342,-0.3428,-10.9437,6.7614,1.3302,-10.508
868.3215,-1.3471,0.46,1.2004,-0.9716,2.0134,-0.5626,-2.44,-4.7304,-1.203,1.6819
1220.0675,-1.2169,-0.6411,-0.6052,1.3634,1.0269,-0.8986,0.7321,5.6352,6.8722,0.2354
1030.3156,1.1644,0.1053,0.0343,0.9257,-1.503,0.5694,5.7316,2.6764,2.1992,-0.3145
1155.7353,-0.536,0.5131,0.3673,0.8081,0.7388,-0.0763,-2.7013,-0.522,7.6369,1.3595
976.1503,-1.0814,0.3808,0.5164,0.3358,0.2652,-0.3508,-9.3985,-4.7687,-2.446,-0.0574
824.6628,-0.5262,-2.2382,-0.385,1.3883,-0.6069,-1.0268,2.7425,-3.1379,4.1877,-3.2654
698.3703,0.1168,-1.9419,0.8801,-1.2856,-1.5901,-0.4372,-2.6797,9.5844,8.9846,-1.9722
586.4956,-0.2145,0.7497,-0.7013,-3.6011,0.3343,0.2532,-5.0882,-0.2866,5.816,4.0131
1156.5224,0.6726,0.3506,-0.1326,1.8999,0.6347,0.4828,-3.7665,5.0203,-5.702,2.5036
1090.6528,-0.1833,1.5154,-0.4823,-0.0198,-0.3734,0.5507,-1.1085,-4.4547,0.3684,0.9331
1011.1333,0.4821,-0.1168,0.3938,0.3687,1.7389,0.1286,-3.0433,-4.2205,-0.9117,-4.5222
1147.1817,0.4077,1.4664,-2.0592,0.581,-1.5326,0.5193,-11.4515,5.6792,0.8719,-0.7434
998.3339,0.3388,-2.1564,-0.0683,-0.1284,0.9811,-0.6554,4.5425,-7.1348,3.8607,6.2313
1059.2231,-1.2784,0.5765,-1.3366,-0.8954,0.185,-0.3166,6.3505,-1.6233,-4.9653,1.8958
979.2445,-1.271,-0.1882,0.8987,-0.3786,-0.2139,-0.6265,3.5217,1.1405,0.5598,3.7164
938.6106,-2.8019,-2.1975,-1.4266,0.4343,0.1902,-2.0658,-6.2604,0.1772,-8.575,9.6897
1071.9194,-0.2684,0.1443,0.4846,0.0813,0.0849,-0.0629,-0.8466,-0.2098,7.2755,5.5059
944.8179,-1.2856,-0.172,0.3726,-1.6158,0.1652,-0.807,0.5189,1.9916,-3.9932,2.103
1076.662,-0.9779,0.2921,-1.979,-0.6124,0.2922,-0.1567,2.7638,3.5791,0.3024,-1.6861
1060.6302,-0.072,-0.4792,0.3616,1.0035,-1.1063,-0.1668,3.4323,2.477,-0.192,-11.9552
978.4725,0.0636,-0.4843,-1.4776,-0.3718,-0.0166,-0.1025,-3.825,-4.2457,5.51,-0.2512
1147.5783,3.1578,-0.3095,0.4131,0.9068,0.2775,1.5586,0.1454,-1.1006,-14.565,-1.7684
1260.1999,-0.6691,-0.1729,-0.6056,1.0399,-1.3719,-0.3383,1.8107,4.3603,-0.2924,3.423
1059.7038,-0.7179,-0.5483,1.1797,-0.2305,-1.1049,-0.5011,7.6991,4.6938,-1.0423,0.4484
1064.7328,-0.9754,0.3221,0.6647,1.3035,-0.813,-0.4701,3.2757,-6.041,-2.2506,-1.3762
1035.4663,0.4184,1.7389,0.6505,1.4016,0.0853,0.778,3.5111,0.9491,9.1536,-9.7274
1007.3408,0.5046,0.1356,-1.2396,0.6265,0.6376,0.4812,0.0752,-9.6324,-5.9556,-3.5043
1124.7409,-0.2704,0.9678,1.9531,-0.0274,1.05,0.2897,7.3843,0.5593,2.133,2.5262
1137.6505,1.6001,-0.5434,0.757,1.5283,0.2625,0.7963,1.9291,8.7047,2.9025,8.1088
1025.109,0.7752,-1.2693,0.234,0.553,0.2023,-0.0443,-4.3165,-3.1076,8.1257,-1.2207
862.2497,0.5771,0.8357,0.3711,-0.203,0.5298,0.4403,7.1073,-2.73,-4.1328,-0.8326
1026.7491,1.2657,-0.1285,0.9695,-0.8662,-0.5487,0.5817,4.0714,3.913,-4.6925,4.9222
1110.634,1.4034,0.7045,-0.443,0.6979,0.0838,0.9186,-2.5064,-6.3035,4.6193,-3.6447
1054.4987,-0.9007,0.5149,1.0801,-0.9642,0.3243,-0.1865,-1.8069,-3.6965,0.7691,2.6737
679.8124,-0.0242,0.0152,-1.0953,1.2025,0.6456,-0.1768,0.9516,3.0016,-6.9421,-6.0228
870.8467,0.6294,-0.7347,0.6793,-0.2991,1.1835,0.2472,2.4569,-4.3361,-2.4713,3.1202
1020.8281,0.2206,-0.9289,0.3248,-0.3521,-0.0729,-0.1842,1.0927,0.7094,1.0911,0.9952
1092.3242,-0.3395,-0.79,0.6469,0.9609,-0.2837,-0.4495,1.5006,4.9114,4.4,2.5142
920.2588,-0.9703,-0.2152,0.1488,-1.3529,0.1501,-0.6509,8.9019,2.8202,-3.008,-2.8816
973.6541,0.5721,1.0473,1.1244,-0.0622,-0.2294,0.4347,5.5609,1.2906,-14.057,2.0041
1053.0751,0.3309,-0.9346,0.6092,0.7498,1.3968,-0.0326,0.7546,-1.2506,2.4543,10.4546
1056.1183,0.6939,-0.0548,-1.7303,0.7166,0.0074,0.3379,4.1879,0.3718,-7.5379,-5.5272
1000.9698,1.6301,0.1018,-0.5893,0.3703,0.0926,0.7166,-5.1853,0.6242,-11.5449,-1.5754
943.263,0.3924,0.8071,-0.0256,-0.509,0.4764,0.3088,2.0305,2.7945,-11.402,2.2182
919.9191,-0.8105,-0.2216,-0.0684,0.857,0.9588,-0.5053,8.7782,-1.357,5.0484,1.9847
977.7964,-0.4876,0.0866,0.3945,-0.4326,1.1678,-0.0509,-0.7403,-0.6584,0.2312,-2.4601
1242.0704,-0.3525,-1.329,-0.0939,2.1483,0.527,-0.6009,-4.9094,-4.9422,-0.947,-13.2222
1142.2328,-0.1162,-0.7188,1.5781,0.2147,-0.1947,-0.4241,-2.964,-0.2392,7.1974,6.8877
982.2198,-1.9094,-0.4836,0.0727,1.3183,0.4912,-1.1243,-5.9354,-4.413,3.9263,3.6631
1034.6975,-0.9649,2.0607,1.0584,0.6861,-0.249,0.1085,-3.8751,-4.5987,9.4501,-8.0694
825.7756,-0.0474,0.9412,-0.9404,-1.5822,1.9483,-0.011,-1.5847,2.3184,-6.9364,-3.6917
1053.0633,-1.6566,1.1835,-0.7353,-0.5244,1.6672,-0.4787,-6.919,2.5869,1.609,8.5765
942.0383,0.2221,0.9383,1.2558,-0.4787,0.0961,0.3695,0.5916,3.4521,-8.3927,6.8045
1102.2466,-0.5286,0.6629,1.2383,0.5864,0.181,0.0042,4.8421,-3.4525,-1.7983,5.0929
1035.5432,-0.0336,0.6295,-0.5164,0.4547,0.8954,0.3569,-4.7205,1.4087,-0.4227,-0.6274
950.9953,-1.1437,0.7082,-0.0332,0.1086,0.9531,-0.2467,7.5898,3.0411,3.4946,-0.1975
1018.4834,0.3216,0.6054,0.3797,0.1165,0.5308,0.3155,2.6144,1.1507,0.1981,-0.539
808.1296,-0.3839,0.3384,-0.0179,0.2023,0.0204,-0.2011,5.0533,-5.5939,3.4838,3.8721
919.807,-0.9085,-0.273,-1.6172,0.6041,0.2812,-0.2788,-3.76,2.5794,3.3948,-5.9095
871.1514,0.4732,0.6257,-0.8468,-0.0728,-1.0709,0.4302,4.0956,2.3032,11.4886,-4.2525
1181.4832,-1.1968,0.9784,0.893,0.8937,-1.1037,-0.3035,-5.5323,-0.2949,-0.2459,4.2712
1097.9542,1.3915,1.4107,0.0328,-0.2122,-0.5745,1.1165,4.6532,-9.5607,-4.8924,0.2877
1125.9109,0.6789,1.4974,-0.049,-0.8124,-0.1034,0.8085,0.9925,-0.4366,2.8249,8.9882
1194.82,-0.221,-1.198,0.1926,0.0694,0.2868,-0.4843,2.898,10.9154,-2.3756,-2.7927
698.7519,0.0211,0.2574,-0.0673,-1.1311,0.4324,0.0304,-5.4204,-2.5174,6.0882,-2.3062
1258.7243,-0.5925,1.5268,-0.5821,0.3271,2.8652,0.1071,-4.7017,-4.5424,-1.7703,-1.7878
1229.5022,-0.4326,-1.6522,-0.2466,2.1857,0.5446,-0.7153,2.0689,2.3162,-3.3076,0.9578
738.6287,-1.6009,0.1648,-0.1033,-0.8285,0.1733,-0.8054,-4.5746,1.8058,-0.8667,-7.6159
1278.9543,0.6437,0.6041,2.2065,2.0773,-0.0708,0.4318,2.2638,6.0548,4.5903,-2.3305
1164.3216,0.2356,0.0184,-1.4786,0.7709,0.3269,0.134,-7.365,-6.5084,-2.9999,-6.3519
979.472,-0.3092,-1.4063,0.3192,-0.7522,-1.5047,-0.602,4.4304,4.417,-4.6659,3.5521
629.3361,-1.1419,-2.3851,-1.6251,0.0599,-1.812,-1.1361,-6.5561,2.0014,8.1898,0.4444
789.2891,-1.3405,0.114,0.1443,-0.3198,-0.9251,-0.9012,2.9704,-1.1609,-3.0873,-8.5775
1110.1797,0.1796,2.4974,0.3597,1.3451,-0.6411,0.9482,2.8512,4.5178,0.1979,5.3505
966.9706,-0.7909,-1.189,-1.365,0.034,-1.0461,-0.6275,-3.791,5.6207,4.2194,12.778
920.6945,-1.5794,0.28,0.3912,-0.8179,-1.751,-0.913,3.1971,4.1841,-8.526,0.3125
930.8077,0.2909,0.9976,-1.1212,-1.9955,0.7595,0.4105,1.6374,-6.0069,2.8949,-3.2654
879.8449,-0.6011,-1.3209,-1.6668,1.1659,0.0011,-0.734,-3.4696,2.5564,-4.4419,14.6145
872.6262,0.8892,-1.8208,-0.7669,-1.1218,-1.392,-0.2424,-4.6981,1.3807,3.768,-6.71
877.0777,-0.6571,1.2434,-0.6535,-0.6977,-0.3348,-0.0333,-9.7667,-1.4296,-5.4131,-0.4662
1130.0974,0.1643,-1.8419,0.493,2.1962,-0.5899,-0.5815,1.3097,1.0647,1.9207,0.9233
1092.5541,1.1718,-0.1145,-0.8162,1.4981,-0.7618,0.7268,-8.2845,-0.5408,4.7511,8.2561
1017.5961,1.0216,-0.661,-1.0502,1.4364,-0.4567,0.4061,-0.0644,6.2975,1.2625,2.2549
1046.8388,-0.6134,1.5308,-0.3882,-0.3025,-0.2134,0.2797,-1.3473,1.0721,0.9195,-2.3445
1126.7566,1.0156,0.9714,0.0525,0.1875,-1.1876,0.8714,3.3903,-5.0188,-1.6117,-4.8203
925.3876,0.6794,0.3477,0.6663,-1.1488,-0.6757,0.3311,-1.0347,-1.9335,-3.9679,-2.7964
1194.0803,0.8723,0.0245,2.1898,0.1833,1.4511,0.3911,-1.3547,1.8527,6.5878,-2.8815
834.3869,0.7979,0.5057,0.6459,-1.8734,1.2576,0.5996,4.383,6.5521,-4.391,0.0042
1284.2176,0.0745,1.3772,2.642,1.0256,-0.3631,0.3282,1.7781,3.8699,-3.6851,-2.4798
719.4712,0.0786,-0.5194,0.4582,-2.1287,0.4283,-0.0452,2.4298,-4.1755,3.1612,-8.064
941.0362,-1.1433,0.7454,0.233,0.0875,-0.1627,-0.3721,2.3202,11.5548,-3.2424,6.3479
1044.3087,1.1702,-0.2157,0.0796,0.1343,0.8814,0.4829,-7.6821,2.045,-3.3949,-3.4046
1162.5404,0.3061,-0.9155,-1.1919,-0.2311,-0.5029,-0.0505,3.6432,7.5558,-6.354,-5.0295
998.5031,-0.4762,0.8251,0.2626,0.8744,-0.6581,0.0538,2.8266,-1.0623,-3.2338,-2.1872
685.3398,0.1517,-0.3167,-0.6336,-1.0238,0.8067,-0.0553,-4.8443,-0.2763,0.5308,-0.6622
1012.9346,1.4622,-0.7381,0.962,0.4486,0.4603,0.6256,-1.2101,4.3922,1.4218,-9.752
1184.7452,0.1449,0.3868,-0.3514,0.0239,2.0123,0.0804,-0.1869,7.1147,5.8016,1.9075
1014.0398,-0.5081,0.0005,-0.4532,-0.1478,-1.4439,-0.1923,-0.8534,2.9907,1.4138,-5.7863
1232.6829,0.5839,2.5269,0.5907,-0.3593,-0.4894,1.1094,1.9079,5.4051,0.8923,9.237
906.5216,0.1909,-0.4758,0.1469,-0.0363,-0.687,-0.0782,7.391,-2.926,-2.6756,2.5439
935.9473,1.4351,-1.5709,1.4533,-0.3473,-0.6109,0.2789,5.7036,-2.3542,1.3713,-3.5625
991.1647,0.4502,0.1581,1.7755,-0.1044,-0.0819,0.1474,-6.2425,2.6542,6.6607,-2.9784
983.009,0.0643,2.3147,-0.7153,-1.0777,0.6863,0.8189,3.342,3.0529,1.7205,-0.9968
1118.0799,0.033,-0.012,0.774,1.3469,0.4892,-0.0056,6.4133,-2.2934,-1.9503,3.0346
1021.8878,-0.7398,0.5873,-0.3857,-1.3346,0.0828,-0.246,2.2924,4.5977,-3.9243,1.6207
896.313,-0.63,-0.4236,-0.1969,0.732,-0.9741,-0.3372,5.2448,7.9665,-8.8239,-2.3932
922.6556,0.1342,1.9598,-0.7115,0.4283,0.0828,0.5846,9.854,-4.5448,4.0765,-2.0925
961.9167,-0.6314,0.2912,-0.756,0.0525,-0.184,-0.3692,5.0626,-6.6724,3.8593,-3.2411
949.8267,0.3884,0.6189,-0.5148,-0.0948,0.3813,0.2242,1.213,-0.3902,0.2561,-3.2349
1082.0164,-0.1227,0.264,-1.1302,0.0934,0.7325,0.0785,4.9473,1.8268,-1.6033,-12.0838
942.7183,-0.6292,-0.2023,-1.2931,-0.7067,-1.4419,-0.5034,0.7451,-1.6769,7.8237,5.8218
958.8916,-0.604,0.8692,-1.6395,-0.2295,-0.8892,0.1342,0.0505,7.7163,-0.9479,2.37
1011.8135,-0.7738,0.757,-1.7787,-1.2447,0.8696,-0.368,-1.7527,3.476,6.6531,-3.4538
1237.178,1.2686,1.2273,-1.2232,0.4914,0.4386,1.1721,7.3275,-1.1728,-0.4518,10.5591
1245.8732,0.6385,-0.882,0.3321,1.6976,0.4801,0.0758,-4.4243,-5.7964,-2.3318,1.7014
1165.1019,-2.1047,1.5983,0.1553,2.0422,0.0088,-0.5825,7.0682,-6.8168,2.4509,-5.1041
762.6153,0.3666,0.3841,-0.5139,-0.9399,-2.0674,0.244,2.4612,1.3159,2.7179,2.9792
1177.8129,-0.8162,2.1651,0.8616,0.0781,0.2126,0.2813,-6.7629,-9.636,1.2209,3.0961
1336.1787,2.0615,-0.5519,1.0241,1.2084,-0.5642,0.8614,1.627,5.2477,2.4125,3.515
1083.3081,1.121,-1.9721,0.9758,0.8056,-1.4439,0.0792,-10.5557,-0.3459,-1.1309,-1.7172
1204.1086,0.1685,0.5796,-1.0065,1.3176,0.1944,0.2695,2.5642,15.8623,11.6465,2.591
798.7039,-2.1518,-0.4831,-0.2111,-0.7192,1.6122,-1.2058,4.6187,12.4364,5.0301,-1.5773
892.7445,0.5731,0.595,-0.3596,-1.7859,-0.413,0.4287,-2.427,-1.8339,2.7657,2.7483
729.1834,1.0973,0.3958,-3.0076,-1.5656,1.2841,0.6617,0.4424,-2.9581,0.0631,-11.9117
874.697,-0.2571,-1.0391,-0.9331,0.2776,0.2451,-0.4095,9.5522,5.7047,6.3222,-2.7975
914.3263,0.1991,1.4413,0.0698,-0.6002,1.1632,0.3609,-2.3607,8.5261,3.0521,7.6293
912.4739,-0.1643,0.5862,-0.9934,0.2121,0.2572,-0.0411,-5.483,-8.4308,-0.1946,-3.8275
995.8798,-0.1621,0.5838,-0.4802,1.1952,-1.409,0.1684,7.0153,-8.6569,-0.2226,-4.5113
1051.4041,1.0818,-1.0167,0.6221,-1.3122,-0.0393,0.253,10.2375,-3.2447,1.0268,-1.9059
1102.0369,1.4312,-0.2879,-0.88,-0.26,-0.27,0.6108,0.0291,1.3702,-15.7486,-4.4799
1027.7228,-1.4955,1.992,-0.1728,-0.0123,-0.8679,-0.1483,4.9728,3.0415,0.4555,-10.2921
928.0412,1.2495,0.6715,-0.3494,-1.3328,0.8875,0.861,7.1181,6.1097,-2.0541,-1.0928
1172.4688,0.3195,-0.4519,0.1399,1.6536,-0.007,-0.0298,-4.1438,-6.2141,7.2349,0.3074
1100.0153,0.2526,-0.6074,0.4442,1.3845,0.4258,-0.1338,-2.5692,-11.1625,1.1607,-2.0385
1143.8618,1.3935,0.6929,0.4293,0.7105,-0.7999,0.9242,6.0047,2.3821,-4.9432,-1.1174
1023.814,-0.8144,-1.137,1.3528,1.5008,1.3026,-0.8461,8.2104,-4.0033,0.2603,-0.3354
1038.9642,1.8479,-2.3911,-0.2007,1.1905,0.9793,0.2474,2.4152,-10.3421,-6.5774,5.3217
1401.6135,1.4642,0.0382,0.2806,0.9969,-0.2997,0.5733,-4.6723,0.6751,1.2551,1.6686
1173.1288,0.5686,0.6552,1.6264,0.3829,-1.3236,0.5838,10.2257,3.53,1.8064,-1.9929
984.0376,-0.4246,1.4956,-0.4627,0.3976,-1.001,0.2836,-3.0283,0.4229,2.9225,-2.0571
1085.3211,-1.4973,1.1039,-0.6654,1.2809,-0.2359,-0.3918,-2.2984,-2.6961,-3.6594,2.362
1085.4826,0.1062,-0.3861,-0.0578,-0.6378,0.108,0.0355,1.7847,1.81,0.2297,7.2535
913.3211,1.0294,-0.6354,-0.8464,-0.3369,0.556,0.4906,7.7976,-2.4442,-7.2538,-4.9873
815.1295,0.7127,-0.4097,-0.3723,-1.8832,2.2817,0.3349,4.9314,-7.3579,1.6275,-1.0404
991.7709,0.3111,-0.7316,2.0153,-1.8896,0.0493,-0.248,3.0338,-2.8046,2.9575,1.0836
889.9893,-1.3513,1.6833,-1.0043,-0.3001,-1.0877,-0.2986,2.1887,2.4825,3.1219,-6.0814
855.452,-1.1641,0.9468,-0.8596,-0.358,0.4224,-0.3605,0.1601,1.1422,0.2957,-0.2651
860.3422,-0.6681,-0.0028,-1.3482,0.1934,-0.3441,-0.3323,2.5792,0.4658,0.1165,-8.3083
1078.7003,1.0627,-0.5183,1.3511,-0.3756,0.8271,0.4276,-12.3576,-4.8178,8.2331,-10.1172
1063.7796,0.0732,1.0295,1.1917,-0.1502,-1.143,0.2729,-1.1758,-0.0874,-1.3526,1.769
1077.1999,0.038,0.5228,0.6135,0.12,-0.0244,0.1945,1.3908,-8.7431,1.1295,-0.1918
901.5607,-1.0372,-0.008,-0.8756,-0.1903,0.0774,-0.5966,-5.823,0.0311,-4.8917,2.5345
964.8529,-1.3927,0.814,-1.6167,-0.0346,-0.2257,-0.5133,1.6376,8.5333,-2.725,0.5478
1082.2711,-0.5176,-0.1769,-0.0164,0.2238,-1.3793,-0.4526,-0.9927,-8.1016,2.2836,-4.9151
1040.9837,1.6734,-0.4806,-1.5824,-0.5895,-0.0399,0.6002,8.3674,-4.3339,6.039,-0.3605
927.9593,-0.1835,0.4223,-1.4822,-0.115,-0.0709,-0.1002,7.6709,1.3104,-1.9717,-7.91
806.8738,-2.7044,-0.8635,-0.4883,-0.6299,0.018,-1.7088,-2.3031,6.7368,-0.587,5.588
940.2417,-0.6783,-0.3072,1.5245,-0.6141,-0.0987,-0.326,-0.4481,-1.4147,-0.3678,-7.0052
674.0979,-0.7374,-2.4037,-2.2661,-0.8342,0.6723,-1.1847,-0.5216,-4.9617,-1.0015,-2.4577
1097.8234,0.782,1.0522,-0.0199,-0.9116,-0.2269,0.9699,-1.8514,-9.4446,-0.2884,-2.9226
885.574,0.9281,0.4423,-0.5781,-1.7705,-1.152,0.6461,1.3769,0.6263,-8.6629,3.2381
990.5557,-0.157,-0.884,1.5914,-1.2102,-0.3815,-0.3252,-3.0148,8.8899,6.1414,-1.3197
1182.8818,-0.3633,0.4604,0.5337,0.2966,0.2568,-0.1294,-5.4741,1.1583,-4.8722,-1.9263
957.1689,-0.4367,-1.2504,2.0997,-0.0661,0.8823,-0.5235,3.6848,-0.5635,3.8754,3.796
873.5592,-0.3239,-0.2336,1.0104,0.2119,-0.495,-0.2896,3.4502,0.5944,-7.4053,-1.5976
1102.0446,-2.0251,-0.7304,-0.6618,0.1865,0.0456,-1.2195,-4.1357,-0.7071,3.9781,4.7272
879.3676,0.6264,0.0294,0.2051,-0.0799,-0.9813,0.5781,4.5493,-5.4699,3.0409,-4.7994
1131.5553,0.8996,-0.2081,0.8129,0.3073,-0.5894,0.3778,-3.2477,4.966,1.2281,-6.6671
1215.5446,-0.1231,0.1366,-0.4457,0.6026,-0.7166,0.0943,0.9713,1.9384,-4.114,1.0669
782.4153,-0.6085,-0.133,0.2537,-1.0079,2.143,-0.4145,4.3705,-0.3817,2.4037,-1.4355
1012.3066,-0.9006,0.3764,-0.3286,0.6384,-0.8697,-0.3409,-0.2082,-3.7514,-4.2726,1.9428
1204.1922,0.6871,0.3309,-1.1116,1.4665,0.8794,0.6199,1.5938,5.4402,-0.9507,0.977
958.6988,0.2075,1.1209,0.4235,0.4457,-0.0674,0.3773,-2.6188,4.5171,6.0492,0.6831
1104.2046,0.7114,-2.0994,0.808,3.1129,-0.1148,-0.0929,-1.6995,-2.1978,3.9345,-8.7743
1053.9188,-1.426,1.1993,0.8293,0.3939,-0.0871,-0.2824,-0.9772,6.889,-0.2519,9.9629
1051.7225,0.2812,0.1397,-1.2704,1.4896,0.8133,0.1263,-4.2643,-3.3317,-4.7172,-2.5649
1200.821,2.3884,-0.6084,0.7228,1.1843,0.4096,1.0749,-1.1568,-3.553,3.19,3.5692
905.996,-1.4184,0.7224,-1.5257,-1.7608,1.727,-0.3952,-7.5005,-4.1982,1.0295,-3.9558
1073.4831,0.9191,0.3886,0.2674,-0.2903,-0.0061,0.6383,-2.3895,-8.0169,-11.7005,1.6219
999.241,0.2671,1.9012,-1.5812,0.5087,-0.7084,0.5469,-2.0252,0.844,2.329,-8.3174
1242.0365,1.5391,-0.0885,-0.2821,1.5724,0.8901,0.6703,-1.8702,-9.763,1.2781,2.0601
947.3261,1.4466,-0.7824,-0.4296,-0.4599,0.2475,0.4638,-1.1592,-6.1519,6.4929,-0.9009
944.8655,0.4207,-1.1945,0.8811,-0.5779,-0.8452,-0.1555,-0.0021,-9.8246,-7.0711,0.112
992.457,-0.7799,-0.8239,-1.3496,1.082,2.0498,-0.575,1.7335,-0.4297,-16.6744,4.272
709.8092,0.5896,-3.221,1.3664,-2.6518,0.0343,-0.6537,5.3008,-2.4325,1.8712,-5.853
939.8677,1.1526,0.5378,0.468,-1.2174,-0.9983,0.6041,-2.7983,-1.1147,1.6293,-2.5589
833.2601,1.3785,1.5287,0.3896,0.1158,-1.0084,1.1859,-6.1233,-7.2988,-9.8272,0.8146
1113.5252,1.0325,-0.1343,-1.091,1.1267,0.7935,0.537,-5.6904,-7.6097,-6.555,11.7954
1171.987,0.0921,-0.6362,2.5299,0.4762,1.8711,-0.0889,-2.0647,1.471,14.2132,1.7508
1074.5514,-0.1931,1.2206,-0.611,1.0503,0.2441,0.3777,-2.3427,-2.4788,-2.0595,1.4325
936.5023,0.9102,-0.3623,-1.2092,-0.1835,-0.092,0.4298,-4.0677,0.4999,3.7393,-0.9381
1162.2041,-0.6417,1.482,-0.8562,1.6654,-0.5656,0.1697,-7.2266,-4.8976,-3.411,10.4296
887.211,-0.2463,0.8984,-0.8209,-2.3015,-0.5126,0.1393,-1.7224,1.5885,-8.6642,-7.3459
999.0497,-0.2699,0.0716,-0.4443,-0.9788,0.479,-0.2796,1.2459,6.8501,-1.3613,1.5106
690.2464,-1.8311,1.0018,-2.0756,-1.2284,-0.782,-0.5721,2.741,2.1711,-0.8565,-9.8988
935.3155,0.7341,-0.1166,0.5648,-1.5377,-0.9766,0.3529,-2.2013,-1.9018,-2.765,-12.9567
1024.7092,-1.553,-0.4149,-0.0838,-1.4036,1.4114,-0.8738,-1.6767,2.0713,1.4122,1.1607
865.4769,0.278,0.2959,0.0446,-0.8475,-0.4258,0.1001,-4.3032,-2.8605,2.5932,1.1689
1149.1256,0.8221,-0.9747,-0.2454,1.8968,1.1586,0.0105,-0.754,-0.7813,-0.3378,-0.4608
916.7945,-1.1629,0.2376,0.953,-0.3574,-0.9385,-0.4049,-4.0195,-2.1745,-5.2693,-0.8132
1133.9033,1.6726,0.3309,-0.705,0.419,-1.9937,0.9316,2.567,-0.4476,1.2213,16.7192
867.0059,1.1707,-1.3201,0.5845,-1.6552,1.2856,0.2575,-8.3955,1.0034,-9.2716,-1.1493
1098.5518,1.0921,1.2525,-1.3359,-0.5479,0.2724,0.9246,-1.7933,-4.5493,-11.0704,3.7417
960.9565,-0.5161,-0.2644,-2.7738,2.1246,-0.6026,-0.3344,0.3155,-5.0776,3.1956,-4.306
967.8505,-1.254,-0.5415,0.2726,-0.9989,0.671,-0.6956,1.4635,-5.8747,2.4712,2.4151
950.8242,-0.2562,-0.2059,-0.0618,-0.2415,-0.1768,-0.2415,13.5192,-9.55,-0.5719,-1.6823
1047.8652,-1.0297,1.3723,-0.0041,-0.484,-0.6729,-0.0936,1.8226,-5.4236,-6.3353,-1.1594
804.3795,-0.8497,-0.3808,0.5307,-0.483,-0.1683,-0.5853,-4.9206,1.3964,-2.7304,7.8867
896.7402,1.0154,0.1279,1.0271,-1.1718,-0.4992,0.5026,-0.1007,-6.3372,-0.9069,5.4356
937.2159,-0.3104,1.5486,0.2643,-1.5478,1.2213,0.2785,-8.5225,2.702,-8.3125,0.5886
864.4074,0.486,-1.9078,1.0827,-1.5473,-0.4136,-0.3071,0.3044,2.0613,-5.0306,-10.9645
985.8305,-1.573,-0.8465,0.9943,-1.0525,-0.7555,-1.0883,-3.5998,-9.9445,2.6008,-0.3581
989.7785,-2.0745,0.4991,1.1219,-0.022,-0.1704,-0.7619,4.6498,2.4621,8.2076,14.3432
881.2209,-0.5462,-1.1701,-1.4789,0.3918,0.5415,-0.7136,-3.0715,4.8131,-4.6882,-1.7298
942.7368,-1.1571,-0.495,-1.5515,-1.3331,1.1497,-0.7457,-0.5425,-4.6727,4.0712,6.7837
685.1109,0.4941,0.2437,-0.8569,-2.8546,-0.9855,0.2762,-2.4781,1.1312,-10.1966,7.3202
711.8821,-0.2748,-1.0538,-1.9989,-2.2012,-1.7019,-0.3089,9.1161,-4.8438,4.9721,0.7653
1041.1338,0.6037,-0.7504,-1.2089,1.4015,0.4584,0.0964,-2.1788,-0.6164,-4.4009,-3.2205
890.0726,-0.8839,-0.4465,0.0582,0.1537,0.2141,-0.4727,9.1015,-7.5682,1.922,-12.0034
1034.1814,-0.1285,-0.411,-2.1944,-0.6517,-0.3788,-0.3361,3.7383,-6.8829,-2.5144,3.8517
1109.6916,1.2289,-0.2255,0.2506,0.4611,-0.5588,0.5735,2.107,-2.2262,5.9746,-4.4116
1144.455,0.1374,2.2758,-0.1841,2.9182,0.5181,0.8404,0.8595,-1.1478,-4.383,0.0115
1053.6795,0.9758,0.4736,-1.2457,0.9185,0.5555,0.6382,1.4232,-2.9071,2.8429,-6.6665
968.5964,0.0184,0.3078,-0.5398,0.3476,-1.3482,0.2081,-9.9493,-5.1769,-1.5815,-1.1553
1007.5409,1.734,-0.0349,0.1078,0.3842,0.5587,0.8048,-1.5013,-2.4041,-1.6843,-1.0558
1018.4342,-2.3717,-1.7422,0.2953,2.0421,-1.0921,-1.5676,3.6799,1.4818,-0.2733,2.3374
1030.4221,1.1217,-0.4093,-0.3232,0.2291,-1.8803,0.6679,-0.4003,-1.2497,-2.801,-5.4592
925.0418,0.7094,0.7291,-0.1385,0.0195,0.3417,0.5371,-7.1245,0.6412,-1.192,4.768
1121.3246,-0.1518,0.1135,0.281,0.5883,1.586,-0.0864,-0.3655,-4.5884,-2.2653,-0.8514
994.4916,-0.9728,0.8766,0.5698,-0.0376,1.2523,-0.0781,8.6899,6.995,0.7548,-8.2692
999.6227,-0.546,-0.3828,1.4202,-1.3496,-0.4867,-0.2299,6.8144,-4.9373,0.4034,0.1614
1158.8122,0.8952,1.3994,1.0496,0.6352,0.0596,0.8151,-0.1496,1.7909,4.3835,0.8701
947.4365,1.2576,-1.0987,-1.0266,-0.5335,0.6312,0.2572,4.7021,4.7582,4.24,1.9079
1030.5131,-0.0256,-0.6256,0.5436,1.1727,0.494,-0.2286,-2.0737,2.6652,-5.9247,6.2604
731.0492,-1.5193,-0.0936,-0.4512,-2.8322,-1.2872,-0.9222,-7.6891,-2.4097,5.3822,-1.7658
871.3324,0.8365,-0.5186,-0.7507,-1.0677,-0.1892,0.1708,-4.4288,-2.7278,-6.1271,-2.8139
926.719,1.1734,-1.7812,-0.3406,-0.2725,0.2267,-0.048,7.9234,4.6189,3.6351,-6.069
888.5241,0.0012,-0.6752,0.6592,-0.8171,-0.7924,-0.2787,-0.9643,-7.4228,3.312,2.2092
760.5114,-0.832,-0.2975,-0.8154,-0.6383,0.3208,-0.5087,-1.2498,-4.6566,-9.2696,-0.3485
1070.9159,-0.4999,0.5328,-0.2339,0.543,-0.2151,-0.0667,-1.6727,-0.4455,1.3672,-1.1058
812.9178,-0.9219,-1.8462,0.2073,-1.004,-1.4965,-0.8597,9.749,5.5382,-3.7921,-9.6068
861.635,-2.0381,0.2898,-1.8708,-1.0081,0.8711,-1.032,8.0689,1.5728,-4.2019,8.4233
1044.8892,0.321,-1.066,1.5603,1.0022,1.912,-0.0609,11.102,-3.6762,6.7787,-4.7892
1264.4962,1.9741,-0.0884,-0.1872,0.3773,0.8049,0.9391,-0.9667,0.6389,-2.2409,-2.074
974.4844,-1.0003,0.5867,0.5139,-0.6777,0.8713,-0.3291,1.7714,-4.4176,-2.093,1.9181
1047.7116,-1.3879,-0.4877,-0.0531,0.7639,0.4964,-0.7728,-8.0112,-1.4739,1.5228,-4.8027
819.4595,-0.9097,-0.458,-0.6168,0.7595,-1.0634,-0.7045,6.9786,5.9161,2.3779,-8.5235
1069.4927,0.1227,-0.1829,0.3231,1.6247,-0.646,0.0447,-6.2524,-7.6579,-1.6616,-11.1025
1012.4161,-0.3764,0.0874,0.5839,0.3161,2.5836,-0.1453,1.1218,6.7137,6.1642,1.615
681.0637,-0.3825,-0.5265,-0.5703,-1.976,-0.7642,-0.2999,-5.1106,5.0173,3.2995,-3.4354
1059.1401,0.5374,-0.2165,-1.6943,0.6423,1.3326,0.2327,-3.3493,6.3832,-10.3933,14.0314
896.5766,0.0164,-0.7205,-2.2558,-0.9869,0.4104,0.0376,-4.428,-1.1,-2.2415,-5.1166
1115.4765,-0.0762,2.0044,-0.6111,1.4969,-0.2982,0.4994,-3.5137,-1.4418,-4.2159,-4.6755
1050.1899,0.6369,-0.1197,-0.533,-0.4751,-0.218,0.2295,-2.617,-7.197,3.0986,-2.657
1145.0886,0.2048,1.592,1.4148,0.4091,-1.4432,0.5177,-2.6457,-1.9851,-12.4605,2.96
1175.0419,0.0119,0.6099,0.7399,-0.9808,0.7949,0.1333,4.7864,3.8174,13.2156,-1.2928
1067.3713,-0.0574,1.1067,0.1606,-0.0508,-0.2041,0.2396,-5.5963,9.598,1.5344,3.0496
1025.4364,-0.8096,0.9649,-0.4738,0.4241,-1.2343,0.0036,0.9726,-6.1282,1.0245,-4.9193
970.8071,-0.9393,0.0566,-1.2097,-0.1441,-0.0705,-0.3106,5.9911,-1.341,3.9324,-6.8435
956.7902,-0.2403,0.7217,0.711,-0.3748,-0.5245,0.0393,-2.3784,-0.2671,12.4313,-10.2132
1037.5501,1.0899,0.302,0.0438,-0.5712,1.8686,0.5523,-3.2702,-6.9441,3.2066,-11.9201
942.7161,-1.0551,0.5086,-0.9847,0.1263,-1.4841,-0.3278,-1.4124,2.7483,3.2169,-1.3837
1009.5275,0.2988,-0.2918,-0.4264,-0.7518,0.8831,0.0066,6.0678,-3.6978,3.8466,-1.6854
995.4201,-0.4866,-1.0707,0.0634,-0.0102,0.6885,-0.5012,1.0123,-1.2115,-0.2065,-1.568
866.0709,2.572,-1.2422,0.6087,-2.2494,-1.0962,0.9336,-1.8729,-2.3276,-1.6393,6.6487
1015.1256,-1.0547,-1.7177,-0.0826,-0.0672,0.905,-1.1942,2.5041,-4.1725,-4.8345,7.5766
991.1564,-0.4134,1.1911,1.4623,0.0324,-2.2198,0.3054,-5.1494,-1.4349,-4.5981,-1.9234
1418.9749,0.6366,0.9347,1.0618,2.3226,-1.1173,0.7783,2.7475,-1.1195,-8.011,-7.9991
1335.7361,-0.4288,1.7848,0.6002,0.4158,-0.2249,0.2597,2.1688,-2.7881,-1.4527,0.1021
1179.5654,-1.3658,0.9138,0.5028,-0.149,1.5898,-0.4476,-1.56,-3.0682,-9.7655,-1.5995
1061.7018,0.0856,-1.4879,0.7728,-0.2784,0.3888,-0.375,-3.8516,0.4238,0.8835,-2.173
1059.1322,-0.228,0.6932,0.4023,-1.407,-0.886,0.1274,-3.8182,7.9355,2.3168,-2.7855
1055.0908,-0.8361,1.0753,-0.0917,1.4245,0.2095,-0.0296,2.1193,-0.3922,1.7701,-3.0335
783.5954,-1.883,-0.3975,-0.0181,-1.5236,0.9877,-0.8597,6.5573,4.205,-1.6187,-2.7125
969.7095,0.8722,-0.032,0.8241,0.324,-2.2176,0.4088,-3.2295,-8.1193,16.2064,-4.2746
973.0925,-1.873,-2.0684,-0.9972,2.0445,-0.4426,-1.6368,1.4577,0.7965,6.248,1.9869
1059.3369,-0.0823,0.3301,-0.4377,0.3065,-0.3657,-0.08,-10.6454,-4.9826,-4.8857,2.3233
1136.6355,0.6128,0.998,-0.6238,-1.0534,2.0884,0.5327,-2.6539,-7.5242,0.1244,-3.445
937.3112,-0.8097,-1.2895,-0.7872,0.1878,0.9126,-0.795,-0.238,-3.2751,-4.7417,6.2957
932.3066,-2.0649,-1.5058,-0.3998,1.2218,-0.5899,-1.3047,-4.8553,6.2905,-6.0981,-5.7097
984.269,0.0845,-0.1583,0.9235,0.798,-0.8457,-0.057,-4.7934,4.736,-6.4591,-8.1517
922.2143,1.1677,0.6866,-0.8545,-0.775,-0.8767,0.8122,-3.2982,1.8755,0.0897,1.5184
896.2371,-0.3358,0.923,-1.0657,-1.1546,-1.5976,0.1074,1.4259,-6.1734,-1.8641,-2.0325
1187.7374,0.2859,0.2029,0.6585,0.3345,1.5475,0.3226,-0.9859,0.8145,4.4514,0.9937
733.6224,-2.1529,-1.0857,-0.5619,-0.0308,-0.6402,-1.1495,-11.1978,2.9922,3.5697,-12.7532
1072.6797,-0.0244,2.0578,0.8425,-1.4222,-0.5152,0.5521,-9.8468,0.7512,8.1375,7.4017
814.3691,1.146,0.0678,-0.0166,-2.8375,1.4419,0.5444,-2.3098,-9.7313,-4.5716,3.4173
1038.5264,-0.6764,0.6427,-0.0402,1.8009,0.1965,-0.041,1.6809,-3.7426,3.8169,-7.5921
971.0813,0.9322,1.206,1.1356,-0.2366,0.4667,0.8961,-13.4421,1.2006,4.9096,-8.3428
1036.32,0.1893,0.7499,-1.1892,0.2972,-0.9509,0.5043,-2.7977,3,-3.0038,7.3696
916.024,-0.1403,0.046,0.256,-0.3355,-1.1992,0.002,-2.5603,-10.5329,-4.9534,-3.1424
1083.4936,0.3771,0.3081,1.1261,-0.0293,0.2691,0.245,7.2181,-1.1538,7.678,-3.5494
1142.2548,0.9737,-0.0255,-0.7735,0.2988,0.0584,0.5383,-2.2168,0.1114,-0.9483,-11.6735
1171.802,0.1628,0.2355,-1.313,1.495,-0.8077,0.2629,1.2024,3.8565,2.0998,-0.2488
765.641,-0.9291,-0.2414,-0.3468,-1.134,0.5056,-0.4549,1.0318,3.9005,-3.4317,-2.3295
1035.9716,-0.1877,-0.9027,-0.8253,0.8406,0.2421,-0.3139,-11.0694,2.0619,-5.3273,4.4414
793.8035,0.3497,-0.6968,0.0953,-1.5648,0.2604,0.0725,4.2859,-4.5385,-4.8099,-8.0039
1196.6724,0.1906,0.2966,-1.0325,0.9413,0.1973,0.3012,0.5771,-9.2287,0.4514,-5.9015
991.0188,0.2961,0.0971,0.0051,0.2611,-0.7021,0.3154,2.4552,-2.2929,-6.7846,1.8627
940.2674,-0.1115,0.1455,-0.3877,-0.805,0.141,0.0528,19.7581,6.5968,-1.1902,5.7291
1188.4924,2.1786,-0.0587,-0.1473,0.1943,0.1996,1.055,-10.5342,8.0615,-9.3038,-7.3768
791.6608,-0.4315,1.2608,-0.7361,-2.1201,0.088,0.1772,9.2722,3.1125,-6.676,4.8786
961.866,3.0983,-1.6255,0.5101,-0.2582,0.2975,1.1821,-1.2017,2.2862,3.2484,-0.0971
868.9473,-0.7878,1.7325,-0.1681,-0.6208,0.6381,0.0442,1.5597,2.399,2.4763,3.658
917.9513,-0.3844,1.5361,1.6056,-0.2058,-0.7113,0.3055,0.225,-2.6635,-2.8985,-0.1149
1001.9997,-1.1762,-0.3999,1.1819,0.4876,-0.0449,-0.7474,-2.0645,-0.4678,-3.9171,-13.2815
1046.4112,1.0485,-0.4238,-0.7342,0.4878,-1.7956,0.4,-3.025,8.0153,-6.4112,-0.027
1052.2785,1.7977,0.2084,-0.5712,0.6408,-0.2472,1.0892,1.378,-5.3948,-2.1474,4.2991
1215.0547,-0.121,-0.2678,-0.4037,0.7272,0.1756,-0.1217,-7.8955,7.0491,4.2133,-2.6207
854.6835,0.8625,-1.6339,0.8202,-1.695,0.5025,-0.0543,4.4702,-2.5009,4.7106,-3.3667
995.3931,-1.3192,0.3721,-0.8,-0.203,-0.0531,-0.684,-2.3372,7.8507,-3.1083,0.2158
1321.6765,-0.035,-0.5756,-0.627,1.7708,2.5601,-0.1156,-6.4197,-7.1301,-6.4706,-13.3483
834.4699,0.0347,-1.3885,0.655,-1.9685,-1.2173,-0.3347,-1.6479,3.089,1.8528,7.464
964.0737,1.0909,-0.6143,-0.1499,-0.4629,0.9789,0.5775,6.4089,-5.0556,-3.2894,-2.8981
961.1339,1.1871,-0.4837,-0.4146,-0.9648,-0.1684,0.4177,-2.2969,-6.4727,-2.2316,3.9033
911.2927,-0.0874,-1.4153,0.9496,0.5483,1.0095,-0.4464,2.0408,0.2477,6.5345,-1.9325
1059.921,0.6142,1.9647,-0.5305,0.7575,-0.6997,0.9214,-3.9243,5.2613,3.9146,6.1758
973.337,1.3254,-0.5561,0.5859,-1.4068,1.6691,0.6536,4.3789,-5.1673,0.4678,3.6451
968.1022,1.5796,-0.5173,-0.4202,-0.5229,2.2989,0.6251,3.3203,-7.8579,-4.9062,-1.6201
988.0124,-2.5539,0.1606,-1.3669,0.9343,0.4369,-1.2009,8.6351,0.7314,-0.4279,-3.518
1038.969,0.0813,-0.3208,-0.4351,1.1788,-0.6838,0.0052,-1.3973,-0.4463,7.2396,4.05
1040.4978,-0.7329,-0.2881,2.121,-0.7402,-0.1136,-0.4342,3.9275,2.6857,-0.5333,-9.7446
853.614,0.9639,0.0339,-0.7712,-0.0201,0.926,0.4475,0.3253,4.6569,7.4115,3.0519
833.3912,1.2747,-1.3278,0.5093,-1.1356,1.5154,0.2584,6.8747,0.8494,5.296,-6.6076
962.5601,-0.118,-0.8142,-0.6821,-1.157,-1.4603,-0.1959,-3.5814,9.4655,8.9696,6.8339
929.9469,0.1821,0.4673,0.4359,-1.036,-0.5044,0.1286,4.1978,-0.3987,1.1402,1.7328
866.0916,-0.1177,0.6882,-1.9173,0.015,-0.8538,0.1609,-1.4687,-2.3753,2.3079,3.9196
985.1824,-0.3752,-0.1759,1.2816,-0.3177,0.0209,-0.3104,0.0546,-7.8271,6.4546,-0.8502
911.7355,-0.0648,-0.1465,-0.5499,0.0929,-1.0578,0.0432,0.5283,-1.0525,2.5321,-9.3401
966.3909,-1.5255,-1.2803,-0.0456,-0.6919,0.6502,-1.2992,1.3677,-1.7811,-3.5763,-2.457
992.8597,-1.03,1.0288,-1.0737,0.0461,0.2483,-0.2622,-1.0627,4.8796,-2.0411,3.7622
867.0889,0.3121,-0.7055,-1.263,0.8583,0.6569,-0.0179,0.5349,1.5901,1.3165,0.8932
979.4551,-0.8343,-1.3729,-1.5428,0.764,-1.9782,-0.6725,7.4629,-5.8499,-7.4007,7.8027
857.5502,-2.2083,-0.4339,0.1359,-0.2306,-0.7671,-1.2409,5.2194,0.2574,-1.9311,1.5684
999.8163,-0.739,0.507,1.4273,0.6523,-1.3954,-0.2729,4.3126,2.6497,3.8868,-5.0963
1141.7963,0.7314,-0.36,-0.1421,0.5904,0.3733,0.4458,-2.4336,7.9525,-12.2141,-2.7876
1063.2253,-1.198,0.7152,-0.3894,-0.4266,-1.5872,-0.5292,-4.4426,4.2302,9.4778,1.1381
994.3828,0.5007,-0.294,0.0071,0.0498,-1.5179,-0.0577,4.7524,3.4472,6.1871,-10.6798
928.5961,1.2065,-1.4512,-0.9002,0.2691,1.2132,0.2119,4.3839,0.8333,-1.0966,7.7499
1126.0701,-0.5246,1.0652,0.4241,1.3522,-0.9163,0.0071,6.8922,1.1046,3.0246,2.0684
1080.5501,-1.0917,0.4395,0.6955,-0.3871,0.4578,-0.5161,-2.7393,7.922,0.6845,6.1296
1206.936,0.7533,0.3088,1.2898,0.3812,0.2408,0.5402,-0.9574,-4.0622,4.3892,-7.3375
1117.4149,0.8501,1.1886,0.1074,0.4177,0.8431,0.806,-8.1927,-0.5844,3.757,5.6428
922.7724,-0.7598,-0.6724,0.13,-0.71,-1.567,-0.638,-1.7136,-3.4558,-7.9952,13.1106
1281.914,-0.0831,0.3363,-0.5844,0.6489,1.0567,-0.0687,4.7021,2.8626,4.7561,-5.8852
1033.9868,0.3164,-0.1503,0.1811,-0.8852,-1.0426,0.2003,-2.0699,4.9789,-1.5787,4.3214
973.7869,2.3491,0.2783,-0.4166,-0.716,-0.8464,1.3231,3.3608,-3.5698,0.7736,-0.4732
997.7595,0.4259,-1.5981,-0.6415,0.0191,2.0243,-0.2764,-1.1209,-13.3147,-4.3028,-7.5325
911.7792,-0.3153,-0.2486,0.2461,-0.941,0.0456,-0.0476,2.014,-1.4377,10.8956,3.1679
1051.6686,-2.3042,0.2952,2.703,-0.361,-0.4105,-1.1705,-5.1265,6.3863,5.3371,5.3452
913.8647,0.1381,0.3429,0.0531,-1.8861,-0.7794,0.0194,1.0402,2.0363,-5.8034,-3.3146
1221.9414,-1.3599,0.3687,0.6455,0.7463,0.0287,-0.6385,-15.0534,3.4194,-6.6266,6.0207
1214.7102,2.7103,1.5427,0.21,0.5199,-0.4042,1.8134,-0.9358,-1.3982,-3.6001,-8.2161
1045.8803,0.1143,-0.5632,-1.0893,0.0018,0.3852,-0.0875,-8.3759,-5.2745,2.378,-7.6071
1052.1609,0.5531,1.3626,1.9234,-0.5482,3.1521,0.6612,6.4018,1.453,-0.8811,0.9259
1250.9424,0.8007,1.2058,0.5587,2.0598,-1.3721,0.7973,3.507,-2.9915,7.5202,0.8588
1070.421,-1.177,-0.5964,-0.5664,1.8205,0.8089,-0.8926,1.5833,10.336,3.7281,-4.3322
1156.3621,0.4284,1.1436,0.0201,0.3918,-0.8433,0.7016,7.4261,3.5546,2.3262,4.2456
926.2147,0.6192,-1.0721,0.0208,2.0575,0.4366,-0.0203,-5.4172,-1.9993,0.6245,0.2915
1189.3722,-1.3978,1.8076,0.1799,1.2026,-1.056,-0.0449,8.5495,-3.3139,-4.8783,4.5985
1098.2518,0.2717,0.4124,0.1206,1.5908,-1.8583,0.2938,3.9943,-0.9724,-0.9469,-2.7425
904.8061,-0.1585,1.8922,0.0924,-0.918,-0.773,0.5341,-0.5751,-2.0682,5.7489,3.7375
1115.8074,-0.1671,0.8205,1.2065,0.1467,1.0667,0.2196,5.981,6.7535,0.3911,-0.8461
910.2689,0.5529,-1.099,1.1062,-0.9366,-0.8535,-0.0085,-5.0069,0.2626,4.3139,9.2908
1027.2328,0.195,1.7555,-1.1306,-0.7583,-0.4658,0.6884,-4.1267,-3.809,-2.0454,-4.1367
1124.4038,1.1581,0.097,0.6241,0.7917,-0.8182,0.7411,-3.1271,11.5446,-6.3632,9.5205
998.6076,1.0215,0.2095,-0.4597,0.9189,-0.006,0.5933,-2.9604,1.0305,0.5764,-0.0138
848.6408,-0.77,0.8745,-0.4561,-1.2961,-1.2032,-0.0517,-4.9207,2.8022,1.1933,-7.3648
1129.5496,2.3247,-0.1851,0.9573,-0.5289,-1.2396,1.0978,6.5211,-2.4333,-2.5621,7.9417
1132.9858,1.5512,0.7116,1.1793,0.1157,-1.5341,1.1331,-1.0842,3.0933,-1.927,0.9618
788.3799,-0.3212,-1.1141,1.1401,-1.5856,-0.9421,-0.5624,2.4465,1.0076,-3.8602,4.0415
1150.6875,0.8511,-0.8125,0.338,1.2239,0.0349,0.3619,-3.1664,-10.8238,5.7221,7.4874
961.7656,0.3525,-0.8245,-1.8206,-0.5704,-0.529,-0.0751,-9.3155,9.0198,-1.7311,2.9129
745.9146,-0.7961,-0.2313,-1.4436,-0.9501,1.471,-0.6105,1.46,5.7537,7.9291,-3.9983
1139.1579,0.8602,2.0542,-1.1555,0.8103,-1.4163,1.0592,-9.9761,-2.6288,6.6262,4.4197
920.7577,-1.0676,-1.5944,0.1203,-0.1424,0.0052,-1.0802,-0.5704,-5.4644,0.2176,-0.4463
1056.8352,0.3577,-0.2589,0.9065,0.0645,1.1189,0.1852,-6.614,3.0122,-3.9438,3.2576
901.5566,-0.2974,0.0128,0.9864,-0.2464,-0.2686,-0.2101,10.227,-1.4029,-9.6357,-11.2014
1091.6306,1.7532,-0.9793,-0.8405,-0.3652,1.3141,0.5382,4.4964,0.8296,-7.7936,3.2962
1053.0707,1.1783,0.6353,-1.3756,0.4081,-0.4555,0.5908,0.0923,1.2028,-6.1616,-2.7183
1006.8251,-0.1112,0.5583,-0.7355,-0.9039,0.5388,0.0667,6.555,1.6105,5.4786,8.4359
977.5462,-0.5256,0.3074,-0.6725,0.0324,0.2766,-0.413,-4.281,8.432,2.6771,2.5188
982.5781,-1.3498,-0.6019,0.32,1.7682,-0.8506,-1.0139,2.1737,2.2995,1.7261,1.955
886.5598,0.4505,0.087,0.5559,-0.2618,0.8567,0.3274,1.2295,-4.8502,-11.5279,2.8261
946.0063,-1.2535,0.8332,0.3857,-0.215,0.8642,-0.2982,1.3646,4.1053,-6.9139,-5.7122
1051.5383,0.5574,-3.2415,0.6823,0.6322,-0.0018,-0.6512,6.1706,8.3431,3.1091,8.1702
1024.1974,-0.8386,-0.5312,0.5348,-0.8867,-1.1023,-0.6754,3.9728,16.4416,1.1261,10.3655
810.1039,-0.4788,0.6988,0.6935,-0.8628,0.492,-0.0345,1.9274,-6.1435,0.3611,-0.1888
987.5692,-0.0396,0.4296,0.0283,0.6815,0.2716,0.1087,-8.3779,-0.0623,3.8774,6.871
1039.0011,-0.8669,-0.8159,0.4872,-0.0297,0.4966,-0.7941,-4.6426,-9.7754,6.1649,-2.4456
1248.611,3.2431,-1.4359,-0.1814,2.3079,0.281,1.3411,-1.2697,0.6332,-1.2634,-2.9729
923.9412,-0.1136,-0.052,-0.9249,-0.3826,-0.345,0.0154,0.4483,-2.514,1.6211,-0.3873
990.5535,-0.1684,0.6595,0.3904,-0.326,1.0386,0.0916,-5.5393,9.7104,-1.5906,1.6637
1127.1113,-1.0264,0.1871,0.2839,1.5894,-1.0273,-0.4544,11.6815,-5.4743,13.4452,-1.3443
1068.5091,-0.109,0.0337,0.1606,0.0344,-1.1148,-0.0236,7.6838,-7.249,-12.1713,2.0919
1184.3569,0.327,1.2092,1.6529,-0.8351,1.639,0.3221,3.6671,-1.4483,5.626,0.8245
998.5545,-0.3393,-0.3482,0.0196,-0.0413,-0.3686,-0.2988,0.4954,-9.0704,-0.291,-3.8718
1128.9736,-1.5712,-0.2277,0.0375,1.0815,-1.3991,-0.9221,-1.3072,2.2352,3.8406,3.0449
1290.5287,-0.3351,1.2309,1.5542,0.3423,0.5629,0.1015,-4.5163,-11.2052,-3.8178,6.3047
1106.6061,-0.1973,-0.0549,-0.1949,-0.1513,0.5211,-0.1432,0.5008,0.7875,-0.1552,1.413
940.8818,-0.9879,1.5974,0.0855,0.723,-0.6548,0.1651,1.0863,-10.8997,3.878,5.8432
978.347,0.428,-0.8336,1.6393,1.7231,-0.796,0.028,-6.4861,-1.4096,15.0093,-6.2476
982.7459,-0.2737,-1.3806,0.1496,-0.0143,-0.2576,-0.6082,1.6888,8.1473,3.3565,3.0289
935.2026,0.5376,0.3792,-0.28,0.4282,-0.597,0.4398,-1.0352,-0.5871,-3.3269,-6.2636
