store,avg_basket,weekly_txns,staff_hours,online_pickup_pct,markdown_pct,loyalty_share_pct
Netherby Gateway,73.16,13.49,865,20.9,14.6,55.9
Bayshore Crossing,53.95,16.36,659,19.2,15.1,45.1
Granville Plaza,18.36,20.62,258,4.5,3.9,18.2
Selwyn Station,55.27,17.5,1153,46.9,10.4,69.9
Foxglove Corners,21.46,15.98,321,3.2,18.2,17.9
Vandalia Market,40.76,21.09,693,28.8,15.5,37.4
Fielding Commons,20.49,25.27,299,6.0,7.4,21.5
Wycliffe Plaza,30.51,10.92,511,3.0,37.6,17.2
Hartwell Terrace,47.09,21.26,570,37.3,15.6,26.5
Elmwood Square,45.54,13.52,785,52.1,10.3,53.3
Chatham Terrace,57.58,14.38,889,39.1,13.5,66.6
Granville Point,23.31,23.06,372,4.3,4.0,37.7
Kirkwood Crossing,43.12,16.57,754,36.5,16.5,50.2
Bayshore Landing,47.46,16.27,899,46.3,10.3,60.7
Orchard Commons,60.38,14.85,1061,34.1,13.4,49.2
Selwyn Square,66.14,8.9,743,6.1,22.7,41.4
Netherby Market,23.51,16.71,329,3.5,0.9,6.7
Highfield Station,36.07,19.67,612,34.2,23.3,24.4
Fallbrook Gateway,28.02,11.0,395,1.9,50.9,11.9
Ashcroft Landing,44.05,20.72,648,21.1,18.4,33.8
Quincy Market,108.96,7.39,977,8.5,4.5,69.1
Ashford Point,45.9,20.71,696,26.8,18.8,51.7
Tanglewood Station,55.09,15.13,874,46.5,9.3,56.1
Stonebridge Station,57.11,16.69,707,40.0,19.7,68.6
Kingsley Market,24.56,20.31,321,6.2,7.2,22.2
Juniper Terrace,38.46,15.84,689,22.2,9.8,44.6
Hollis Square,19.56,23.98,270,3.4,7.3,22.7
Rosemont Plaza,89.22,11.24,1011,8.4,6.1,71.1
Windermere Square,21.88,20.89,332,2.9,4.3,16.7
Danforth Junction,13.73,20.07,356,6.7,6.0,24.5
Orchard Station,34.4,6.37,421,2.1,44.3,21.1
Blackstone Square,20.78,22.63,267,3.5,3.4,25.2
Upton Point,21.29,18.32,595,22.4,12.1,34.7
Harper Corners,21.41,23.26,330,3.3,4.0,23.6
Inglewood Station,29.99,17.65,544,26.0,17.6,43.2
Fairvale Plaza,18.54,23.11,282,5.7,8.9,18.3
Penwick Market,54.16,20.11,1153,44.7,13.5,69.4
Fernbank Market,88.09,11.37,880,7.2,6.5,59.6
Stonebridge Corners,51.52,17.87,1005,31.4,10.8,63.4
Yarrow Plaza,63.69,21.17,907,35.1,11.5,58.1
Danforth Square,23.92,17.95,462,25.4,18.2,41.3
Rosemont Point,45.63,14.66,624,36.1,20.6,28.0
Westfield Square,21.99,24.94,286,1.6,3.2,20.0
Tanglewood Terrace,64.01,11.52,820,54.4,11.7,74.7
Glenmoor Landing,20.06,19.27,250,4.6,3.2,27.7
Danforth Point,54.6,12.19,793,41.4,7.6,64.6
Ironwood Terrace,56.71,14.74,802,37.5,12.1,62.4
Yorkville Plaza,36.37,10.54,385,0.3,38.8,14.7
Vernon Point,30.88,20.14,354,8.5,7.7,25.3
Ashford Terrace,52.22,16.82,792,39.2,15.7,54.8
Selwyn Crossing,31.16,11.04,478,13.9,32.1,21.9
Norwood Station,110.21,8.59,908,12.7,6.2,68.1
Morecombe Point,63.34,19.31,1017,36.1,10.0,62.6
Elmwood Gateway,43.26,17.1,622,22.4,13.8,40.9
Blackstone Junction,96.73,9.9,968,16.8,4.0,66.7
Jessup Terrace,20.13,20.42,323,5.0,7.7,13.0
Cedar Point Market,31.85,10.4,533,2.8,43.3,6.9
Inglewood Square,86.99,5.88,968,6.4,3.9,64.0
Upton Corners,50.34,15.11,595,11.5,23.3,41.2
Silverton Terrace,61.31,14.77,764,44.8,15.8,60.3
Chatham Commons,35.9,11.24,504,1.3,45.0,9.4
Thornton Corners,40.45,22.98,660,29.0,19.9,37.2
Linden Corners,47.35,12.86,738,42.7,14.0,73.4
Elmwood Market,19.34,23.14,289,1.8,5.4,17.1
Drayton Commons,17.87,22.41,331,4.6,5.1,25.0
Quincy Crossing,68.87,16.41,811,53.2,13.6,70.8
Fielding Station,65.65,16.57,843,48.5,9.4,73.4
Jarvis Point,58.22,18.14,1130,46.2,10.2,64.3
Chatham Crossing,60.75,18.15,998,42.9,12.6,66.5
Dunmore Commons,57.68,18.19,864,39.6,17.7,50.3
Wexford Landing,31.12,12.07,477,26.6,11.1,38.6
Zephyr Commons,43.83,15.29,806,48.6,8.4,74.7
Orchard Plaza,105.01,13.61,914,10.5,9.6,72.2
Overton Commons,30.04,19.74,550,30.3,22.4,47.0
Edgemont Crossing,56.5,16.68,842,41.6,13.5,57.4
Oakvale Corners,22.82,23.44,280,4.4,4.2,25.8
Highfield Commons,47.33,13.65,627,22.9,19.1,29.4
Pemberton Junction,67.07,21.48,596,36.4,15.6,49.0
Oakhurst Junction,51.33,15.84,871,43.1,8.2,68.1
Ravenna Landing,59.88,14.73,1055,55.7,3.3,74.9
Maplewood Square,17.99,23.35,250,5.4,6.0,23.5
Ulster Gateway,36.91,9.26,477,4.7,38.1,18.1
Kelmscott Market,39.12,9.65,430,2.9,46.5,10.2
Ashcroft Terrace,36.41,16.3,413,24.0,24.1,39.4
Foxglove Landing,16.61,14.39,614,24.3,13.0,45.9
Parkhill Plaza,63.76,13.94,855,37.2,10.3,77.6
Kelmscott Plaza,49.58,17.82,402,35.5,18.6,39.3
Ulster Station,20.07,23.63,225,4.6,3.1,17.7
Marlow Landing,59.68,17.62,837,40.9,18.5,79.6
Redcliff Corners,15.03,22.33,271,6.8,5.0,25.4
Ambler Gateway,18.07,22.2,326,4.1,6.2,24.0
Maplewood Landing,18.46,18.71,577,35.5,26.2,29.1
Granger Point,13.48,25.66,262,2.0,5.3,19.5
Verona Junction,46.55,17.48,1040,43.2,15.9,60.8
Quincy Square,48.07,16.54,839,42.9,14.2,62.1
Upton Plaza,25.11,22.48,311,5.4,6.3,22.4
Norbury Commons,24.84,6.82,512,1.2,36.6,6.9
Granville Station,62.34,14.8,643,6.8,6.5,46.2
Fairvale Gateway,18.09,21.34,289,6.6,6.8,22.1
Holbrook Commons,46.47,15.06,647,35.6,28.8,41.3
Elmwood Terrace,58.87,13.2,775,44.0,13.1,70.1
Islington Gateway,33.79,13.71,705,47.6,13.2,73.9
Windermere Plaza,44.84,11.13,737,51.7,11.3,65.1
Fallbrook Terrace,79.4,11.8,996,29.1,8.8,71.2
Eastvale Terrace,26.43,20.77,271,7.7,1.4,24.4
Overton Corners,50.99,10.96,810,45.2,7.7,72.7
Underhill Terrace,80.06,10.34,1030,15.9,4.4,76.8
Brightwood Gateway,26.57,17.89,565,30.4,17.6,50.2
Kenmore Point,53.56,17.96,1055,45.3,13.6,62.6
Kingsley Commons,41.7,13.62,498,27.2,13.5,47.7
Fallbrook Landing,15.95,20.64,224,3.3,8.0,28.7
Vernon Market,92.31,5.89,1035,8.2,2.0,67.4
Maplewood Junction,58.74,25.22,1159,43.3,8.3,55.8
Harper Landing,24.13,22.2,260,9.3,3.5,26.1
Wexford Plaza,22.81,24.99,372,5.7,4.2,22.7
Bayshore Commons,24.7,24.22,271,3.4,7.6,19.8
Pemberton Landing,80.11,8.48,994,9.5,5.5,66.7
Lyndale Terrace,53.1,16.3,1015,40.9,16.1,61.4
Radcliffe Market,37.88,20.87,549,33.9,23.3,28.3
Newbury Terrace,35.96,19.58,623,27.8,17.0,36.0
Langford Terrace,101.39,9.02,1101,7.8,8.2,67.2
Bayshore Point,38.35,18.64,581,22.1,7.6,36.0
Stonebridge Market,59.51,17.48,1096,45.3,10.7,62.7
Marlow Market,41.49,19.48,591,21.8,10.7,54.0
Verona Gateway,96.11,7.71,917,9.9,3.8,75.5
